player_id,player_name,position,age,club,season,goals_p90,xg_p90,assists_p90,xa_p90,shots_p90,key_passes_p90,pass_accuracy_pct,dribbles_p90,tackles_interceptions_p90,clearances_p90,progressive_passes_p90
1,Alexis Mac Allister,Midfielder,31,Liverpool,2025-2026,0.28,0.18,0.08,0.27,1.34,1.96,91.6,0.9,3.01,1.46,9.99
2,Andy Robertson,Defender,34,Liverpool,2025-2026,0.19,0.11,0.11,0.06,0.02,0.75,88.2,0.38,4.12,5.39,3.23
3,Trent Alexander-Arnold,Defender,26,Liverpool,2021-2022,0.11,0.13,0.17,0.05,0.26,0.75,75.2,0.71,4.05,3.94,2.27
4,Dele Alli,Midfielder,31,Everton,2024-2025,0.22,0.17,0.35,0.23,1.8,2.6,82.9,1.27,3.31,1.28,6.6
5,Teemu Pukki,Forward,34,Norwich,2021-2022,0.35,0.73,0.04,0.21,5.17,,75.2,1.87,0.7,0.08,3.58
6,Odsonne Édouard,Forward,29,Crystal Palace,2024-2025,1.02,0.65,0.3,0.29,2.72,1.37,71.1,2.62,0.62,0.79,3.47
7,Rúben Dias,Defender,29,Man City,2023-2024,0.15,,0.08,0.11,0.94,0.64,81.7,0.4,3.88,5.03,5.06
8,Fabinho,Midfielder,35,Liverpool,2024-2025,0.26,0.23,0.32,0.18,1.05,2.84,78.3,2.13,3.32,1.27,7.42
9,Phil Foden,Winger,27,Man City,2025-2026,0.37,0.38,0.37,0.3,1.31,1.34,87.6,3.09,1.33,0.47,4.87
10,Ilkay Gündogan,Midfielder,36,Man City,2023-2024,0.21,0.1,0.15,0.1,1.62,2.38,86.9,2.37,2.58,,9.48
11,Timo Werner,Winger,28,Tottenham,2021-2022,0.44,0.29,0.41,0.21,3.39,3.38,78.4,2.8,1.93,1.07,4.22
12,Phil Foden,Winger,25,Man City,2022-2023,0.48,0.37,0.36,0.18,2.73,1.23,80.8,3.32,1.42,0.69,4.57
13,Ferran Torres,Winger,26,Man City,2024-2025,0.42,0.34,0.12,0.2,3.44,2.03,93.0,1.79,1.35,0.52,6.46
14,Boubacar Kamara,Midfielder,25,Aston Villa,2021-2022,0.26,0.11,0.25,0.2,1.41,1.63,80.2,2.56,2.12,0.7,3.62
15,William Saliba,Defender,25,Arsenal,2023-2024,0.04,0.04,0.15,0.11,0.38,0.79,84.4,0.3,3.04,7.7,4.3
16,Murillo,Defender,23,Nottingham Forest,2023-2024,0.19,0.04,0.14,0.12,0.65,0.44,83.5,0.32,3.05,5.81,4.54
17,Thomas Partey,Midfielder,32,Arsenal,2022-2023,0.16,0.07,0.31,0.32,1.43,2.59,80.8,2.13,3.13,1.26,9.28
18,Jarrod Bowen,Winger,31,West Ham,2023-2024,0.23,0.39,0.18,0.23,2.77,3.03,76.7,2.48,0.75,0.64,6.63
19,Erling Haaland,Forward,27,Man City,2024-2025,0.56,0.52,0.23,0.0,2.23,0.41,85.9,0.93,0.64,0.84,4.89
20,Jan Paul van Hecke,Defender,27,Brighton,2024-2025,0.22,0.13,0.14,0.06,0.13,0.55,87.1,1.01,6.2,4.9,6.13
21,Yankuba Minteh,Winger,24,Brighton,2025-2026,0.53,0.49,0.4,0.16,2.02,1.31,72.7,4.72,0.65,0.31,4.27
22,Cole Palmer,Winger,25,Chelsea,2024-2025,0.62,0.53,0.26,0.2,2.26,1.85,85.7,4.97,0.64,0.68,8.57
23,Marc Guéhi,Defender,28,Crystal Palace,2024-2025,0.22,0.12,0.04,0.11,0.27,0.3,90.4,0.34,4.06,3.66,6.94
24,Manuel Benson,Winger,30,Burnley,2025-2026,0.36,0.31,0.29,0.26,3.46,1.28,80.1,3.89,0.88,0.94,6.23
25,Moisés Caicedo,Midfielder,25,Chelsea,2023-2024,0.2,0.12,0.38,0.28,1.5,2.15,83.6,0.97,3.4,1.61,5.06
26,Thiago Silva,Defender,38,Chelsea,2021-2022,0.11,0.04,0.06,0.02,0.73,1.42,78.7,0.61,5.61,4.4,5.13
27,Trent Alexander-Arnold,Defender,28,Liverpool,2022-2023,0.12,0.08,0.17,0.06,0.57,0.48,85.9,1.09,4.41,4.35,6.15
28,Harry Maguire,Defender,35,Man United,2024-2025,0.2,0.11,0.04,0.0,0.71,0.84,91.2,0.53,5.46,2.64,4.94
29,Harvey Barnes,Winger,31,Newcastle,2025-2026,0.67,0.43,0.14,0.34,1.61,2.07,81.6,3.68,1.81,0.69,6.13
30,Jack Grealish,Winger,32,Man City,2024-2025,0.48,0.6,0.44,,3.34,1.12,77.7,4.2,0.91,0.48,8.76
31,Lucas Moura,Winger,33,Tottenham,2022-2023,0.38,0.42,0.18,0.31,2.85,2.06,81.9,3.81,1.66,0.69,5.88
32,Callum Wilson,Forward,32,Newcastle,2021-2022,0.43,0.61,0.24,0.16,3.31,1.84,75.0,2.18,0.82,0.61,4.82
33,Yoane Wissa,Forward,31,Brentford,2024-2025,0.7,0.48,0.32,0.17,5.09,1.49,75.3,,1.09,1.02,
34,Emile Smith Rowe,Winger,27,Arsenal,2023-2024,0.3,0.29,0.16,0.19,1.94,2.52,79.4,4.05,0.96,1.0,7.88
35,Joelinton,Midfielder,28,Newcastle,2021-2022,0.12,0.1,0.47,0.25,1.62,3.12,87.0,1.44,2.64,1.16,7.43
36,Neal Maupay,Forward,28,Everton,2021-2022,0.53,0.13,0.18,0.16,5.42,1.1,79.5,1.78,0.43,1.16,4.4
37,Yoane Wissa,Forward,31,Brentford,2025-2026,,0.69,0.09,0.19,4.43,1.26,78.3,0.85,0.94,0.7,3.21
38,Crysencio Summerville,Winger,25,West Ham,2023-2024,0.24,0.37,0.37,0.24,3.31,1.94,92.0,1.63,1.27,0.81,8.81
39,Luis Díaz,Winger,31,Liverpool,2025-2026,0.32,0.58,0.57,0.29,2.08,1.3,80.4,4.13,1.29,0.67,2.49
40,Reiss Nelson,Winger,30,Arsenal,2025-2026,0.43,0.6,0.24,0.14,2.76,1.47,80.3,2.68,1.16,0.61,5.38
41,Simon Adingra,Winger,21,Brighton,2021-2022,0.42,0.25,0.24,0.33,2.71,1.78,85.2,2.23,1.51,0.78,4.54
42,John McGinn,Midfielder,30,Aston Villa,2022-2023,0.22,0.15,0.36,0.17,0.95,1.85,84.0,1.39,3.45,2.04,4.81
43,Declan Rice,Midfielder,27,West Ham,2022-2023,0.28,0.21,0.02,0.22,1.77,2.06,92.0,2.07,2.98,1.59,5.55
44,Luis Sinisterra,Winger,27,Bournemouth,2023-2024,0.41,0.46,0.14,0.29,1.52,3.06,82.1,3.93,2.41,0.48,7.54
45,Trent Alexander-Arnold,Defender,29,Liverpool,2024-2025,0.12,0.11,0.01,0.16,0.65,0.39,81.6,0.32,3.2,4.67,3.6
46,Ivan Toney,Forward,31,Brentford,2024-2025,0.82,0.59,0.39,0.28,3.13,0.66,78.6,1.2,1.17,0.93,3.47
47,Callum Wilson,Forward,34,Newcastle,2023-2024,0.05,0.74,0.29,0.06,3.79,0.9,72.1,2.63,1.64,0.05,4.53
48,Rodrigo Bentancur,Midfielder,30,Tottenham,2024-2025,0.26,0.15,0.36,0.27,1.42,2.15,93.6,1.86,3.1,0.86,9.29
49,Gabriel Martinelli,Forward,26,Arsenal,2024-2025,0.78,0.69,0.23,0.12,,0.99,80.4,1.71,0.92,0.6,4.78
50,Pascal Groß,Midfielder,36,Brighton,2024-2025,0.3,0.2,0.33,0.36,1.64,3.47,91.9,1.99,4.62,0.56,4.98
51,Bryan Mbeumo,Forward,26,Brentford,2022-2023,0.9,0.41,0.05,0.12,4.51,1.47,85.6,1.39,0.95,0.94,4.55
52,Anthony Martial,Forward,29,Man United,2021-2022,0.44,0.64,0.21,0.12,3.66,1.25,82.8,1.31,0.77,0.54,1.74
53,Dominic Calvert-Lewin,Forward,31,Everton,2025-2026,0.78,0.3,0.38,0.05,2.94,1.3,83.8,1.75,0.7,0.0,3.38
54,Micky van de Ven,Defender,22,Tottenham,2022-2023,0.16,0.08,0.0,0.01,0.3,0.05,89.1,1.33,3.92,5.43,2.63
55,Youri Tielemans,Midfielder,29,Aston Villa,2023-2024,0.07,0.16,0.15,0.03,0.8,1.59,85.3,1.09,2.63,0.97,
56,Dominic Calvert-Lewin,Forward,28,Everton,2023-2024,0.82,0.46,0.24,0.26,3.74,0.47,74.9,2.56,0.79,0.74,4.83
57,Justin Kluivert,Midfielder,27,Bournemouth,2023-2024,0.07,0.12,0.18,0.26,1.67,2.82,83.0,1.63,3.06,1.19,9.6
58,Erling Haaland,Forward,26,Man City,2023-2024,0.66,0.71,0.36,0.1,2.92,1.73,80.7,1.29,0.72,0.41,3.96
59,Illia Zabarnyi,Defender,24,Bournemouth,2022-2023,0.16,0.08,0.05,0.14,0.53,1.55,85.4,0.88,4.18,3.56,2.88
60,Virgil van Dijk,Defender,34,Liverpool,2022-2023,0.1,0.08,0.02,0.02,0.42,1.0,83.6,0.37,6.21,3.99,5.73
61,Gabriel Jesus,Forward,30,Arsenal,2024-2025,0.74,0.59,0.14,0.3,3.96,1.79,78.0,2.3,0.63,1.18,1.29
62,Bernardo Silva,Winger,34,Man City,2025-2026,0.39,0.35,0.08,0.22,2.5,2.01,79.7,2.42,1.1,0.76,6.21
63,Connor Roberts,Defender,33,Burnley,2025-2026,0.16,0.17,0.03,0.03,1.11,0.93,86.5,0.4,4.28,4.23,4.47
64,Harry Kane,Forward,32,Tottenham,2022-2023,0.44,0.25,0.23,0.18,2.93,1.85,71.5,3.32,1.03,0.71,5.32
65,Dominic Solanke,Forward,28,Bournemouth,2022-2023,0.15,0.7,0.0,0.14,3.51,1.44,85.2,1.96,0.27,0.26,1.56
66,Nicolas Jackson,Forward,25,Chelsea,2023-2024,0.55,0.46,0.28,0.11,3.05,1.23,82.9,0.44,1.15,1.06,2.85
67,Dwight McNeil,Winger,25,Everton,2021-2022,0.28,0.31,0.22,0.39,1.77,1.89,78.0,4.5,1.3,0.91,2.77
68,Folarin Balogun,Forward,26,Arsenal,2025-2026,0.57,0.62,0.0,0.01,2.47,0.52,83.9,1.44,0.87,0.22,5.66
69,Bernardo Silva,Winger,32,Man City,2023-2024,0.47,0.35,0.24,0.27,2.63,2.07,75.1,1.83,0.98,0.79,3.03
70,Joe Gomez,Defender,27,Liverpool,2021-2022,0.05,0.04,0.0,0.11,,0.64,96.0,0.7,3.45,3.99,6.11
71,Yves Bissouma,Midfielder,31,Tottenham,2024-2025,0.3,0.11,0.25,0.19,1.24,1.59,94.1,2.3,2.56,0.81,7.5
72,Jack Grealish,Winger,30,Man City,2022-2023,0.3,0.26,0.41,0.23,,1.2,72.9,4.72,1.33,1.05,3.62
73,William Saliba,Defender,26,Arsenal,2025-2026,0.21,0.09,0.04,0.04,1.0,0.88,76.9,0.0,4.16,4.86,5.61
74,Dominik Szoboszlai,Midfielder,24,Liverpool,2021-2022,0.11,0.25,0.17,0.29,1.55,3.31,92.2,1.62,2.2,1.43,6.28
75,Bruno Fernandes,Midfielder,29,Man United,2021-2022,0.21,0.13,0.18,0.1,1.84,2.86,85.6,2.71,1.94,0.44,6.25
76,Elliot Anderson,Midfielder,23,Nottingham Forest,2022-2023,0.2,0.25,0.24,0.15,2.53,2.52,83.4,1.33,2.06,1.09,7.43
77,Jérémy Doku,Winger,23,Man City,2023-2024,0.42,0.31,0.4,0.52,2.6,1.72,83.7,2.14,1.02,0.42,3.71
78,John McGinn,Midfielder,33,Aston Villa,2024-2025,0.34,0.29,0.1,0.38,1.13,1.83,86.3,0.33,3.59,1.99,9.56
79,Ollie Watkins,Forward,32,Aston Villa,2024-2025,0.6,0.67,0.15,0.18,2.26,1.35,77.8,2.06,0.66,0.42,3.27
80,Demarai Gray,Winger,32,Everton,2024-2025,0.38,0.15,0.38,0.53,1.07,2.03,79.9,3.12,0.93,0.89,5.97
81,Eberechi Eze,Winger,28,Crystal Palace,2023-2024,0.63,0.24,0.42,0.21,2.62,1.81,83.7,4.11,0.84,0.81,4.5
82,Adam Wharton,Midfielder,20,Crystal Palace,2021-2022,0.24,0.15,0.2,0.29,0.2,3.2,79.0,1.38,1.9,0.55,9.59
83,Emile Smith Rowe,Winger,24,Arsenal,2021-2022,0.57,0.36,0.21,0.32,3.08,2.37,72.9,2.55,1.08,0.58,5.93
84,Eberechi Eze,Midfielder,26,Crystal Palace,2021-2022,0.03,0.01,0.34,0.1,1.29,1.58,78.8,1.92,3.41,0.91,2.84
85,James Maddison,Midfielder,31,Tottenham,2024-2025,0.22,0.21,0.15,0.11,1.36,2.09,89.5,2.23,2.16,1.22,5.55
86,Enzo Fernández,Midfielder,27,Chelsea,2025-2026,0.23,0.19,0.01,0.18,1.88,2.29,84.5,1.68,2.99,1.78,7.34
87,Lewis Hall,Defender,24,Newcastle,2025-2026,0.18,0.12,0.07,0.11,0.32,1.01,86.6,0.54,5.15,5.03,4.06
88,Mario Lemina,Midfielder,32,Wolves,2022-2023,0.2,0.32,0.41,0.12,1.34,2.81,90.6,0.97,1.46,0.71,5.99
89,Dele Alli,Midfielder,31,Everton,2023-2024,0.21,0.23,,0.29,1.65,2.07,93.3,0.29,2.89,0.62,7.22
90,John Stones,Defender,30,Man City,2021-2022,0.14,0.07,0.06,0.1,0.5,1.11,85.8,0.56,4.65,2.61,2.92
91,Darwin Núñez,Forward,29,Liverpool,2025-2026,1.26,0.69,0.13,0.24,2.6,1.63,78.9,2.99,0.88,0.9,4.12
92,Kieran Trippier,Defender,38,Newcastle,2025-2026,0.16,0.15,0.16,0.05,0.59,0.61,82.4,0.0,3.26,6.09,4.93
93,Andrew Robertson,Defender,32,Liverpool,2022-2023,0.1,0.1,0.05,0.02,0.3,0.3,88.2,1.04,3.74,4.1,3.28
94,Aleksandar Mitrović,Forward,33,Fulham,2023-2024,0.7,0.6,0.26,0.15,2.46,0.91,,1.55,1.14,1.13,2.52
95,João Pedro,Forward,26,Brighton,2024-2025,0.9,0.62,0.34,0.18,3.51,1.01,87.8,3.03,1.71,1.04,2.95
96,Luis Sinisterra,Winger,29,Bournemouth,2024-2025,0.28,0.31,0.45,0.28,3.44,1.87,81.5,,1.09,0.19,5.73
97,Curtis Jones,Midfielder,27,Liverpool,2025-2026,0.39,0.18,0.28,0.25,2.14,2.88,92.4,1.44,3.61,1.54,9.74
98,Andrew Robertson,Defender,34,Liverpool,2025-2026,0.29,0.17,0.14,0.02,0.49,0.78,83.3,0.71,3.03,4.39,5.51
99,Folarin Balogun,Forward,23,Arsenal,2021-2022,0.89,0.05,0.26,0.17,,1.25,68.1,1.65,1.04,1.29,2.88
100,Ethan Ampadu,Midfielder,28,Leeds United,2025-2026,0.27,0.17,0.13,0.2,1.42,0.85,82.0,2.17,3.78,0.46,
101,Bernardo Silva,Winger,30,Man City,2021-2022,0.49,0.45,0.21,0.18,2.73,1.67,82.8,3.38,0.44,1.06,7.69
102,Archie Gray,Midfielder,20,Tottenham,2023-2024,0.21,0.18,0.31,0.15,2.48,1.95,90.0,1.49,2.46,0.53,8.42
103,Gabriel Magalhães,Defender,27,Arsenal,2021-2022,0.06,0.03,0.04,0.0,0.58,0.17,87.8,0.63,2.74,4.13,3.45
104,Jack Grealish,Midfielder,29,Man City,2021-2022,0.18,0.03,0.26,0.22,1.69,2.48,82.1,2.32,2.67,1.19,5.82
105,Jarrod Bowen,Winger,28,West Ham,2021-2022,0.19,0.09,0.3,0.18,1.4,,75.1,4.72,1.64,0.6,7.22
106,Che Adams,Forward,28,Southampton,2022-2023,0.82,0.3,0.28,0.17,2.16,0.88,77.8,3.29,1.15,0.54,4.99
107,Callum Hudson-Odoi,Midfielder,26,Nottingham Forest,2023-2024,0.28,0.2,0.2,0.15,1.66,2.71,91.5,0.95,1.18,0.64,4.51
108,Gonçalo Guedes,Forward,33,Wolves,2025-2026,0.93,0.57,0.18,0.16,2.81,1.08,82.8,1.7,1.76,0.59,3.76
109,Oleksandr Zinchenko,Defender,28,Arsenal,2022-2023,0.12,0.12,0.0,0.05,0.08,0.98,73.6,0.37,5.61,2.24,3.59
110,Harvey Barnes,Winger,29,Newcastle,2023-2024,0.37,0.26,0.38,0.3,1.96,1.94,85.8,2.89,1.74,0.59,4.15
111,Jordan Henderson,Midfielder,35,Liverpool,2023-2024,0.09,0.2,0.24,0.16,1.38,2.07,85.3,2.68,3.52,1.05,5.73
112,Morgan Gibbs-White,Midfielder,26,Nottingham Forest,2024-2025,0.22,0.21,0.17,0.25,2.04,1.87,87.2,1.43,3.4,1.12,11.18
113,Lewis Dunk,Defender,33,Brighton,2021-2022,0.1,0.1,0.16,0.04,0.54,0.11,80.0,0.94,5.82,3.02,3.67
114,Gonçalo Guedes,Forward,28,Wolves,2021-2022,0.7,0.35,0.2,0.16,2.61,2.27,81.2,0.38,0.97,0.44,4.52
115,Pascal Groß,Midfielder,37,Brighton,2025-2026,0.35,0.13,0.09,0.27,1.38,3.45,92.6,2.18,3.03,1.17,8.93
116,Ismaïla Sarr,Winger,26,Crystal Palace,2021-2022,0.18,0.29,0.37,0.09,2.78,1.6,82.6,2.51,0.3,0.11,5.07
117,Patson Daka,Forward,29,Leicester,2024-2025,1.02,0.42,0.41,0.09,2.64,1.39,71.3,1.57,0.96,0.59,4.42
118,Kaoru Mitoma,Winger,31,Brighton,2025-2026,0.55,0.35,0.37,0.12,3.23,1.56,76.6,1.98,1.38,0.68,5.5
119,Bruno Fernandes,Midfielder,31,Man United,2022-2023,0.16,0.2,0.18,0.27,1.92,1.97,86.2,1.35,2.14,1.09,8.51
120,Luke Shaw,Defender,30,Man United,2022-2023,0.1,0.0,0.16,0.07,0.79,0.62,88.1,0.45,5.59,2.19,4.64
121,Hwang Hee-chan,Forward,29,Wolves,2022-2023,0.86,0.84,0.22,0.22,3.43,1.53,76.0,1.92,1.09,0.0,3.52
122,Kevin De Bruyne,Midfielder,34,Man City,2023-2024,0.07,0.07,0.17,0.13,1.83,0.5,81.8,2.0,3.25,1.32,6.94
123,Rodrigo Bentancur,Midfielder,27,Tottenham,2021-2022,0.18,0.12,0.29,0.23,0.76,3.1,84.0,0.67,2.46,1.95,9.03
124,Tomáš Souček,Midfielder,33,West Ham,2025-2026,0.18,0.25,0.38,0.35,,2.57,89.1,0.29,2.68,1.19,6.09
125,Justin Kluivert,Midfielder,27,Bournemouth,2022-2023,0.02,0.07,0.24,0.21,1.61,1.97,85.5,4.0,2.56,0.72,9.24
126,Hélder Costa,Winger,32,Leeds United,2022-2023,0.28,0.36,0.14,0.34,0.87,1.81,79.0,4.09,1.91,0.49,3.03
127,Jorginho,Midfielder,36,Arsenal,2024-2025,0.39,0.17,0.21,0.0,1.67,1.82,90.1,2.52,2.88,1.43,6.57
128,Sander Berge,Midfielder,26,Burnley,2021-2022,0.03,0.14,0.33,0.04,1.59,3.26,81.2,2.6,3.14,0.85,7.4
129,Pape Matar Sarr,Midfielder,23,Tottenham,2022-2023,0.22,0.18,0.13,0.14,0.6,3.04,90.5,1.64,4.05,0.22,8.17
130,Josh Cullen,Midfielder,32,Burnley,2025-2026,0.45,0.2,0.18,0.41,1.29,3.35,89.5,2.17,2.65,1.25,9.27
131,Joško Gvardiol,Defender,26,Man City,2025-2026,0.18,0.04,,,,0.74,87.0,0.39,,3.47,4.93
132,Folarin Balogun,Forward,24,Arsenal,2022-2023,0.54,0.4,0.25,0.1,5.01,0.88,72.1,1.26,0.11,0.58,4.4
133,Kevin De Bruyne,Midfielder,33,Man City,2021-2022,0.17,0.11,0.28,0.11,2.12,2.34,90.5,1.81,3.17,1.48,8.31
134,Manuel Akanji,Defender,33,Man City,2025-2026,0.19,0.14,0.07,0.14,0.41,0.81,92.7,0.68,4.86,4.43,5.82
135,Rodri,Midfielder,29,Man City,2022-2023,0.36,0.1,0.25,0.32,0.87,3.45,87.1,1.61,3.53,1.23,4.97
136,Angelo Ogbonna,Defender,38,West Ham,2024-2025,0.28,0.1,0.17,0.08,0.48,0.48,77.7,1.01,3.76,4.44,3.13
137,Ben Chilwell,Defender,33,Chelsea,2025-2026,0.2,0.1,0.1,0.15,0.39,0.15,90.5,0.64,1.78,2.04,7.83
138,Wilfried Gnonto,Winger,22,Leeds United,2022-2023,0.28,0.34,0.26,0.34,2.9,1.34,,1.31,0.63,0.33,6.28
139,Kalidou Koulibaly,Defender,37,Chelsea,2025-2026,0.26,0.19,0.08,0.07,0.92,0.92,87.5,0.4,4.38,6.96,6.88
140,Dango Ouattara,Winger,24,Bournemouth,2023-2024,0.48,0.28,0.14,0.33,2.66,0.52,83.5,1.73,0.88,0.83,6.03
141,Martin Ødegaard,Midfielder,26,Arsenal,2022-2023,0.1,0.17,0.29,0.18,1.36,3.06,92.0,2.19,4.11,0.9,8.14
142,Bruno Guimarães,Midfielder,30,Newcastle,2024-2025,0.38,0.32,0.31,0.13,1.44,3.13,93.1,1.82,4.09,1.72,10.25
143,Ibrahima Konaté,Defender,28,Liverpool,2024-2025,0.22,0.2,0.08,0.16,0.76,1.24,85.8,0.39,2.4,4.57,5.87
144,Eberechi Eze,Winger,28,Crystal Palace,2022-2023,0.26,0.47,0.28,0.3,2.66,1.46,75.0,3.16,1.66,0.8,6.51
145,Andros Townsend,Winger,33,Everton,2021-2022,,0.57,0.3,0.27,2.91,2.29,81.0,2.49,1.44,1.16,7.02
146,Moussa Diaby,Winger,26,Aston Villa,2023-2024,0.22,0.35,0.34,0.26,,2.57,77.6,2.51,0.56,0.43,4.63
147,Pascal Struijk,Defender,25,Leeds United,2021-2022,0.13,0.0,0.09,0.06,0.8,0.77,80.2,0.49,3.4,5.79,4.53
148,César Azpilicueta,Defender,37,Chelsea,2023-2024,0.13,0.1,0.22,0.09,0.52,0.6,80.1,1.29,4.79,5.11,8.32
149,Joel Piroe,Forward,29,Leeds United,2025-2026,0.68,0.52,0.26,0.0,4.38,1.91,83.7,2.85,0.48,0.75,2.97
150,Alexis Mac Allister,Midfielder,29,Liverpool,2024-2025,0.1,0.08,0.34,0.31,2.44,2.16,93.5,0.91,4.32,1.9,12.59
151,Nicolas Pépé,Winger,33,Arsenal,2025-2026,0.68,0.23,0.33,0.23,2.84,2.32,86.6,3.15,0.55,0.58,4.76
152,Reece James,Defender,25,Chelsea,2021-2022,0.0,0.06,0.2,0.02,0.4,0.88,84.9,0.72,4.69,5.26,6.05
153,Thiago Alcântara,Midfielder,38,Liverpool,2025-2026,0.37,0.32,0.08,0.12,1.91,,88.6,1.11,2.21,0.91,7.73
154,Dominic Solanke,Forward,30,Tottenham,2025-2026,0.75,0.86,0.06,0.16,2.22,1.21,75.2,1.1,0.83,0.0,6.19
155,Luis Díaz,Winger,29,Liverpool,2024-2025,0.38,0.25,0.37,0.2,2.99,2.79,81.4,3.36,2.04,0.75,4.79
156,Jamie Vardy,Forward,38,Leicester,2024-2025,0.32,0.54,0.27,0.1,1.88,0.79,75.8,2.57,0.74,0.36,2.63
157,Roberto Firmino,Forward,38,Liverpool,2025-2026,0.72,0.51,0.28,0.24,4.16,0.59,80.0,2.01,0.97,1.12,6.59
158,Cole Palmer,Winger,26,Chelsea,2025-2026,0.78,0.3,0.36,0.35,2.31,1.94,75.6,3.84,1.35,0.53,5.95
159,Diogo Dalot,Defender,29,Man United,2024-2025,0.1,0.14,0.06,0.12,0.53,0.37,84.8,0.55,4.61,3.21,3.61
160,Gabriel Magalhães,Defender,30,Arsenal,2025-2026,0.26,0.15,0.04,0.06,0.7,0.51,86.1,0.07,5.19,1.53,4.29
161,Noussair Mazraoui,Defender,27,Man United,2022-2023,0.12,0.02,0.16,0.12,0.71,0.91,84.1,,3.32,5.82,5.71
162,Rayan Aït-Nouri,Defender,26,Wolves,2024-2025,0.06,,0.07,0.06,,0.37,87.6,0.0,5.68,3.43,6.53
163,Hwang Hee-chan,Forward,29,Wolves,2023-2024,0.52,0.05,0.07,0.15,3.89,0.99,80.4,0.2,1.29,0.63,3.3
164,João Gomes,Midfielder,25,Wolves,2023-2024,0.26,0.15,0.21,0.23,1.43,1.53,85.1,1.9,1.95,1.39,5.95
165,Raúl Jiménez,Forward,36,Fulham,2023-2024,0.63,0.82,0.39,0.05,3.11,1.34,86.3,1.9,0.1,0.97,4.64
166,Ivan Toney,Forward,28,Brentford,2021-2022,0.42,0.49,0.14,0.17,3.8,1.99,71.8,3.29,0.12,0.64,4.21
167,Curtis Jones,Midfielder,23,Liverpool,2021-2022,0.07,0.13,0.09,0.17,1.56,1.28,87.8,1.59,3.24,1.31,9.96
168,Harry Kane,Forward,33,Tottenham,2023-2024,0.57,0.68,0.16,0.1,3.87,0.7,83.6,1.83,0.56,0.59,5.05
169,Sandro Tonali,Midfielder,27,Newcastle,2023-2024,0.3,0.15,0.39,0.27,1.68,2.31,90.1,1.12,3.29,0.44,6.74
170,Illia Zabarnyi,Defender,24,Bournemouth,2023-2024,0.06,0.13,0.13,0.12,0.92,0.23,80.0,0.2,6.23,4.91,4.95
171,Ryan Christie,Midfielder,30,Bournemouth,2022-2023,0.12,0.07,0.37,0.12,1.73,2.46,85.8,1.47,0.8,1.44,9.08
172,Romain Mundle,Winger,26,Sunderland,2025-2026,0.49,0.43,0.36,0.36,0.6,2.11,77.7,3.19,0.26,0.16,5.74
173,Luca Koleosho,Winger,20,Burnley,2021-2022,0.19,0.38,0.44,0.3,3.71,1.54,74.4,1.6,1.95,0.8,4.92
174,Bruno Fernandes,Midfielder,32,Man United,2023-2024,0.18,0.17,0.19,0.11,1.63,3.08,81.8,1.41,2.85,0.91,7.98
175,Enzo Fernández,Midfielder,24,Chelsea,2022-2023,0.08,0.23,0.15,0.21,1.4,2.17,91.3,1.35,3.63,0.58,5.94
176,Liam Delap,Forward,24,Chelsea,2025-2026,0.54,0.82,0.02,0.23,,1.18,81.2,1.72,,0.58,5.01
177,Jhon Durán,Forward,20,Aston Villa,2021-2022,0.28,0.69,0.26,0.21,3.77,1.19,73.5,1.85,0.63,1.09,3.32
178,Yves Bissouma,Midfielder,32,Tottenham,2025-2026,,0.08,0.33,0.33,1.28,1.66,86.4,1.29,4.03,0.8,7.43
179,Elliot Anderson,Midfielder,25,Nottingham Forest,2024-2025,0.34,0.16,0.17,0.2,1.49,2.97,86.0,1.75,3.75,1.0,8.02
180,Mateo Kovačić,Midfielder,33,Man City,2024-2025,0.22,0.2,0.09,0.04,1.22,2.12,83.8,2.03,3.01,1.46,8.33
181,Joelinton,Midfielder,32,Newcastle,2025-2026,0.28,0.22,0.37,0.17,2.48,3.53,89.2,1.69,1.43,0.6,10.14
182,Folarin Balogun,Forward,26,Arsenal,2024-2025,0.76,0.47,0.14,0.14,4.67,2.29,80.6,1.6,0.89,0.78,4.84
183,Jérémy Doku,Winger,23,Man City,2022-2023,0.18,0.27,0.36,0.1,2.2,2.17,76.6,4.52,1.53,0.42,3.24
184,Ilkay Gündogan,Midfielder,38,Man City,2025-2026,0.45,0.19,0.32,0.22,2.12,2.78,89.2,1.75,3.58,1.21,8.47
185,Trent Alexander-Arnold,Defender,30,Liverpool,2025-2026,0.28,0.11,0.11,0.08,0.43,0.36,96.0,0.23,5.02,5.19,2.94
186,Marcus Rashford,Forward,27,Man United,2021-2022,0.16,0.54,0.14,0.11,3.75,1.72,82.7,1.21,0.78,0.83,4.67
187,Youri Tielemans,Midfielder,30,Aston Villa,2024-2025,0.36,0.13,0.21,0.13,1.52,2.72,83.5,1.2,2.03,1.44,5.67
188,Anthony Elanga,Forward,26,Nottingham Forest,2024-2025,0.66,0.72,0.05,0.07,1.93,1.58,77.5,1.52,0.85,0.8,2.81
189,Sander Berge,Midfielder,28,Burnley,2023-2024,0.06,0.22,0.31,0.22,,1.83,85.4,2.51,3.54,0.79,8.66
190,Rodri,Midfielder,31,Man City,2024-2025,0.32,0.2,0.23,0.2,0.77,2.91,92.4,1.63,2.32,0.53,10.0
191,Armando Broja,Forward,25,Chelsea,2023-2024,0.41,,0.26,0.19,3.19,0.47,74.1,1.56,0.88,1.12,4.51
192,Bukayo Saka,Winger,26,Arsenal,2023-2024,0.34,0.26,0.49,0.14,1.93,2.61,72.8,2.6,1.43,0.92,4.62
193,Harvey Barnes,Winger,28,Newcastle,2022-2023,0.52,0.04,0.4,0.28,2.36,0.79,75.3,2.09,0.54,0.79,3.61
194,Douglas Luiz,Midfielder,29,Aston Villa,2024-2025,0.28,0.15,0.03,0.14,2.18,2.18,89.8,1.38,1.43,0.13,9.76
195,João Cancelo,Defender,33,Man City,2024-2025,0.18,0.12,0.11,0.14,0.3,0.45,85.6,0.43,3.96,3.61,4.99
196,Steven Bergwijn,Winger,27,Tottenham,2021-2022,0.35,0.28,0.42,0.51,2.03,1.71,84.7,3.81,2.12,0.78,4.46
197,Murillo,Defender,26,Nottingham Forest,2025-2026,0.13,0.09,0.03,0.01,0.76,0.46,83.9,0.77,3.48,5.14,3.87
198,Angelo Ogbonna,Defender,37,West Ham,2022-2023,0.16,0.06,0.1,0.05,1.02,1.3,92.3,0.35,4.19,3.29,3.89
199,Allan Saint-Maximin,Winger,31,Newcastle,2025-2026,0.44,0.57,0.29,,3.1,1.94,84.1,3.92,1.56,0.0,6.79
200,Curtis Jones,Midfielder,26,Liverpool,2024-2025,0.32,0.2,0.39,0.19,2.16,2.62,93.2,1.06,2.91,0.73,7.99
201,Jordan Henderson,Midfielder,33,Liverpool,2022-2023,0.04,0.24,0.24,0.17,1.12,2.51,82.9,2.33,3.24,1.96,8.72
202,Will Hughes,Midfielder,30,Crystal Palace,2021-2022,0.07,0.16,0.12,0.16,2.36,2.27,86.9,2.12,3.2,1.28,8.16
203,Erling Haaland,Forward,24,Man City,2021-2022,0.52,0.6,0.33,0.14,2.99,1.99,81.8,1.47,1.12,0.51,2.94
204,Kai Havertz,Midfielder,27,Arsenal,2024-2025,0.18,0.19,0.38,0.04,1.22,1.89,87.1,1.7,3.87,1.73,7.8
205,Savinho,Winger,20,Man City,2021-2022,0.42,0.5,0.42,,1.63,3.54,80.3,3.21,1.19,0.66,4.78
206,César Azpilicueta,Defender,35,Chelsea,2021-2022,0.0,0.07,0.16,0.06,0.89,1.26,90.6,1.17,4.94,4.59,2.26
207,James Garner,Midfielder,23,Everton,2021-2022,0.13,0.14,0.33,0.3,1.11,2.28,87.1,1.45,4.09,1.45,8.82
208,Divin Mubama,Forward,23,Man City,2025-2026,0.94,0.55,0.15,0.22,2.82,0.79,79.4,1.46,1.09,0.25,1.45
209,Evan Ferguson,Forward,23,Brighton,2023-2024,0.59,0.11,0.09,0.23,3.44,0.1,74.7,2.8,1.08,0.94,2.35
210,Boubacar Kamara,Midfielder,27,Aston Villa,2023-2024,0.22,0.19,0.34,0.23,1.65,2.41,81.7,1.42,2.99,1.69,8.82
211,Aaron Wan-Bissaka,Defender,31,West Ham,2025-2026,0.26,0.1,0.02,0.08,0.88,0.88,90.4,0.66,5.55,4.4,7.28
212,Ferran Torres,Winger,24,Man City,2021-2022,0.14,0.39,0.26,0.21,3.13,1.58,73.7,1.8,1.5,0.22,7.63
213,Kaoru Mitoma,Winger,27,Brighton,2021-2022,0.24,0.25,0.0,0.11,3.36,2.99,78.9,3.72,1.36,1.52,6.68
214,Sean Longstaff,Midfielder,27,Newcastle,2022-2023,0.22,0.02,0.4,0.13,1.92,1.48,90.2,1.48,2.36,1.85,6.04
215,Alexis Mac Allister,Midfielder,26,Brighton,2022-2023,0.2,0.05,0.31,0.15,1.91,3.09,89.2,1.87,2.84,2.12,5.74
216,Jan Paul van Hecke,Defender,24,Brighton,2021-2022,0.0,0.07,0.08,0.0,0.95,0.44,80.0,0.67,5.35,3.28,4.59
217,Tomáš Souček,Midfielder,31,West Ham,2023-2024,0.12,0.17,0.31,0.14,1.39,2.57,82.0,1.67,1.97,0.16,7.98
218,Aaron Wan-Bissaka,Defender,29,West Ham,2022-2023,0.16,0.07,0.12,0.0,0.81,0.57,85.6,0.51,2.18,3.61,
219,Ferran Torres,Winger,25,Man City,2022-2023,0.4,0.31,0.32,0.14,3.08,2.64,75.4,3.44,0.79,0.8,5.43
220,Mateo Kovačić,Midfielder,34,Man City,2025-2026,0.27,0.16,0.15,0.29,1.68,,88.6,1.83,2.78,,10.59
221,Hélder Costa,Winger,35,Leeds United,2025-2026,0.52,0.29,0.41,0.03,1.71,2.21,84.2,3.22,1.05,0.63,6.48
222,Christian Pulisic,Winger,26,Chelsea,2021-2022,0.43,0.1,0.42,0.29,2.11,2.38,90.2,3.36,1.32,0.46,3.73
223,Bruno Fernandes,Midfielder,35,Man United,2025-2026,0.22,0.34,0.25,0.33,1.22,2.88,88.9,2.68,3.15,1.44,9.49
224,Ben White,Defender,28,Arsenal,2022-2023,0.15,0.01,0.12,0.08,0.57,0.29,90.6,1.02,5.08,3.33,5.93
225,James Tarkowski,Defender,32,Everton,2021-2022,0.08,0.02,0.19,0.01,0.88,1.05,80.6,1.09,3.95,4.85,4.86
226,Rasmus Højlund,Forward,23,Man United,2023-2024,0.81,0.27,,0.07,3.74,1.63,79.2,1.7,1.22,0.54,5.12
227,Thiago Alcântara,Midfielder,33,Liverpool,2021-2022,0.22,0.1,0.38,0.16,1.54,1.82,94.6,0.89,3.05,1.52,8.24
228,Abdoulaye Doucouré,Midfielder,34,Everton,2025-2026,0.12,,0.43,0.15,1.4,1.58,91.0,2.6,1.69,1.79,10.94
229,Jack Clarke,Winger,28,Sunderland,2025-2026,0.81,0.59,0.14,0.26,2.14,2.94,86.2,4.53,1.78,0.28,
230,Daniel James,Winger,27,Leeds United,2021-2022,0.19,,0.08,0.25,1.55,1.61,80.2,2.43,1.01,0.9,4.13
231,Kaoru Mitoma,Winger,29,Brighton,2024-2025,0.44,0.29,0.42,0.33,3.09,2.79,87.4,2.96,0.58,0.96,5.34
232,Dele Alli,Midfielder,29,Everton,2022-2023,0.29,0.09,0.33,0.31,1.31,2.65,86.8,2.06,2.91,1.2,5.45
233,Mason Mount,Winger,26,Chelsea,2021-2022,0.25,0.16,0.26,0.27,3.17,0.98,86.9,3.06,0.99,0.3,2.52
234,Alex Scott,Midfielder,23,Bournemouth,2022-2023,,0.12,0.19,0.06,1.15,,83.2,1.57,4.79,0.78,6.52
235,Wilfried Zaha,Winger,34,Crystal Palace,2022-2023,0.44,0.36,0.36,0.25,2.18,1.98,75.3,2.45,,1.02,6.2
236,James Garner,Midfielder,24,Everton,2022-2023,0.22,0.16,0.14,0.31,1.04,3.34,87.6,3.04,3.71,1.91,9.31
237,Martin Ødegaard,Midfielder,28,Arsenal,2023-2024,0.45,0.1,0.27,0.16,2.14,2.4,88.8,1.64,2.07,2.05,5.94
238,Wesley Fofana,Defender,26,Chelsea,2023-2024,0.19,0.06,0.12,0.02,0.74,0.99,83.9,0.84,2.83,3.13,6.54
239,Sandro Tonali,Midfielder,24,Newcastle,2021-2022,0.04,0.01,0.3,0.12,0.32,2.67,95.0,1.6,3.47,1.24,7.32
240,Mohammed Kudus,Winger,26,West Ham,2023-2024,0.67,0.14,0.38,0.25,2.86,2.25,82.1,3.15,1.25,0.88,7.92
241,Oleksandr Zinchenko,Defender,30,Arsenal,2023-2024,0.14,0.13,0.1,0.01,0.26,0.08,83.7,0.81,3.99,7.53,4.92
242,Savinho,Winger,23,Man City,2024-2025,0.32,0.31,0.25,,1.84,1.42,79.0,3.55,0.89,0.78,5.89
243,Simon Adingra,Winger,26,Brighton,2025-2026,0.26,0.49,0.31,0.32,2.08,1.47,82.2,3.32,0.48,0.43,4.33
244,Ben Chilwell,Defender,30,Chelsea,2023-2024,0.05,0.15,0.08,0.01,0.48,0.77,91.5,0.87,3.17,5.24,3.69
245,Luke Shaw,Defender,29,Man United,2021-2022,0.13,0.01,0.15,0.14,0.56,0.05,81.0,1.05,4.18,3.3,3.79
246,Marc Cucurella,Defender,28,Chelsea,2024-2025,0.08,0.13,0.08,0.1,,0.7,86.8,0.11,4.32,4.45,2.06
247,Noni Madueke,Winger,23,Chelsea,2021-2022,0.36,0.32,0.23,0.21,2.1,2.24,78.1,3.46,2.24,0.86,4.51
248,Jack Grealish,Midfielder,30,Man City,2023-2024,0.24,0.15,0.14,0.22,1.29,2.4,87.2,1.52,3.21,1.48,7.57
249,Declan Rice,Midfielder,26,West Ham,2021-2022,0.28,0.11,0.27,0.27,1.49,2.09,86.8,2.24,1.98,1.27,6.24
250,Moisés Caicedo,Midfielder,23,Brighton,2022-2023,0.22,0.12,0.21,0.24,0.86,3.35,84.9,1.26,2.7,1.38,8.28
251,Victor Lindelöf,Defender,34,Man United,2023-2024,0.14,0.09,0.08,0.01,0.21,1.06,85.2,,5.98,3.8,5.4
252,Ismaïla Sarr,Winger,29,Crystal Palace,2024-2025,0.48,0.23,0.12,0.28,3.06,2.54,84.4,2.57,1.25,0.96,4.36
253,Eddie Nketiah,Forward,26,Arsenal,2022-2023,0.48,0.52,0.19,0.15,,0.74,75.8,2.86,1.47,0.61,4.36
254,Carlos Vinícius,Forward,30,Fulham,2022-2023,0.54,0.52,0.01,0.25,2.76,0.94,75.1,1.08,1.51,0.39,5.11
255,Andrew Robertson,Defender,33,Liverpool,2024-2025,0.28,0.18,0.09,,0.69,0.15,85.4,1.15,3.25,2.71,5.1
256,Carlos Baleba,Midfielder,22,Brighton,2023-2024,0.26,0.07,0.48,0.21,1.39,1.7,80.4,1.26,1.74,1.05,10.28
257,Gabriel Jesus,Forward,28,Man City,2021-2022,0.76,0.87,0.1,0.23,3.37,2.29,74.0,1.21,0.66,0.0,2.87
258,Pierre-Emile Højbjerg,Midfielder,33,Tottenham,2025-2026,0.44,0.35,0.14,0.26,0.97,1.85,84.9,1.98,3.68,0.64,10.26
259,Steven Bergwijn,Winger,29,Tottenham,2023-2024,0.15,0.28,0.42,0.24,1.08,1.89,78.0,2.6,0.85,0.52,2.57
260,Conor Gallagher,Midfielder,26,Chelsea,2023-2024,0.03,0.18,0.1,0.22,1.22,3.53,80.0,1.44,2.46,1.22,7.82
261,Danny Welbeck,Forward,33,Brighton,2021-2022,0.65,0.31,0.33,0.1,2.91,1.61,71.8,1.96,1.42,0.06,3.72
262,Dominic Solanke,Forward,30,Bournemouth,2023-2024,0.9,0.61,0.29,0.25,3.63,1.47,77.5,0.95,1.14,1.33,2.4
263,Archie Gray,Midfielder,22,Tottenham,2025-2026,0.21,0.19,0.34,0.14,2.0,2.03,88.8,2.61,2.92,0.41,5.78
264,Lewis Hall,Defender,22,Newcastle,2024-2025,0.12,0.08,0.0,0.06,1.05,0.44,86.2,0.35,3.88,4.9,5.73
265,Joško Gvardiol,Defender,25,Man City,2024-2025,0.22,0.14,0.0,0.12,0.11,0.74,85.2,0.75,5.16,4.94,5.84
266,Luca Koleosho,Winger,22,Burnley,2023-2024,0.47,0.26,0.12,0.37,1.8,0.4,83.1,2.06,0.67,0.67,5.02
267,Michael Olise,Winger,23,Crystal Palace,2022-2023,0.18,0.24,0.48,0.3,3.11,2.96,83.1,2.42,1.78,0.59,5.58
268,Fabinho,Midfielder,30,Liverpool,2021-2022,0.14,0.06,0.12,0.24,2.1,3.04,79.7,1.01,3.55,0.71,7.1
269,Jarrod Bowen,Winger,31,West Ham,2024-2025,0.24,0.32,0.21,0.32,2.56,2.54,81.0,3.58,1.08,0.81,3.01
270,Sean Longstaff,Midfielder,30,Newcastle,2025-2026,0.26,0.23,0.31,0.16,2.19,2.45,85.4,1.25,3.4,1.5,9.3
271,Jordan Henderson,Midfielder,36,Liverpool,2021-2022,0.15,0.13,0.36,0.32,1.99,2.85,81.4,2.58,1.88,1.35,6.14
272,Lisandro Martínez,Defender,26,Man United,2021-2022,0.0,0.09,0.04,0.16,0.92,0.54,90.4,0.62,5.05,5.08,3.32
273,Wilson Odobert,Winger,23,Tottenham,2023-2024,0.26,0.45,0.32,0.36,1.9,2.65,75.9,4.11,0.25,0.76,3.82
274,Bruno Guimarães,Midfielder,28,Newcastle,2022-2023,0.26,0.17,0.35,0.25,1.59,0.5,79.4,1.45,1.37,1.7,7.34
275,Alexis Mac Allister,Midfielder,28,Liverpool,2023-2024,0.17,0.2,0.44,0.33,1.3,1.83,82.3,1.45,3.59,0.56,7.29
276,Ben Davies,Defender,32,Tottenham,2022-2023,0.06,0.1,0.12,0.13,0.96,0.89,90.5,1.03,4.73,3.74,6.82
277,Alexander Isak,Forward,28,Newcastle,2024-2025,0.57,0.43,0.2,0.05,2.54,1.1,87.0,2.37,0.96,1.06,5.36
278,Thiago Silva,Defender,38,Chelsea,2024-2025,0.16,0.12,0.16,0.09,0.88,,83.2,0.54,3.27,6.28,4.58
279,Wilson Odobert,Winger,21,Tottenham,2022-2023,0.4,0.26,0.06,0.26,2.66,1.77,87.9,5.47,0.5,1.09,5.33
280,Anthony Elanga,Forward,24,Nottingham Forest,2023-2024,0.81,0.39,0.12,0.08,3.17,0.81,82.5,2.18,0.69,0.61,2.97
281,Gabriel Martinelli,Winger,25,Arsenal,2023-2024,0.5,0.27,0.09,0.27,1.79,2.08,83.0,3.91,0.82,0.98,4.47
282,Pierre-Emerick Aubameyang,Forward,36,Arsenal,2022-2023,0.8,0.5,0.1,0.19,2.08,0.87,74.8,2.42,1.17,1.34,2.34
283,Kyle Walker,Defender,36,Man City,2023-2024,0.18,0.07,0.03,0.03,0.47,0.34,84.7,0.44,5.02,4.81,4.1
284,Nicolas Pépé,Winger,30,Arsenal,2023-2024,0.52,0.35,0.1,0.22,2.76,1.03,84.2,4.14,0.81,0.96,4.61
285,Callum Wilson,Forward,35,Newcastle,2024-2025,0.98,0.45,0.2,0.01,3.39,1.46,76.0,1.07,0.5,1.78,3.1
286,Mohammed Kudus,Winger,26,West Ham,2022-2023,0.29,0.4,0.21,0.41,1.97,2.18,78.5,3.82,1.1,0.84,6.6
287,Jérémy Doku,Winger,26,Man City,2025-2026,0.38,0.54,0.15,0.28,2.41,2.7,75.1,4.6,1.56,0.88,6.16
288,Mohamed Salah,Forward,36,Liverpool,2023-2024,0.27,0.53,0.1,0.27,1.97,1.19,89.0,,0.81,0.0,1.84
289,Alexander Isak,Forward,26,Newcastle,2022-2023,0.42,0.68,0.21,0.06,4.9,1.42,80.0,2.12,1.62,1.76,2.06
290,Wesley Fofana,Defender,24,Chelsea,2022-2023,0.12,0.12,0.01,0.1,0.23,0.67,82.8,0.36,6.26,2.12,4.05
291,Ilkay Gündogan,Midfielder,37,Man City,2024-2025,0.3,0.24,0.09,0.27,1.92,3.45,88.3,2.28,3.13,1.0,9.71
292,Virgil van Dijk,Defender,37,Liverpool,2025-2026,0.24,0.15,0.08,0.08,0.09,0.76,88.1,0.06,5.11,3.84,4.97
293,James Ward-Prowse,Midfielder,30,West Ham,2021-2022,0.2,0.09,0.41,0.11,0.67,2.56,90.2,2.61,2.43,1.74,7.43
294,Dele Alli,Midfielder,33,Everton,2025-2026,0.37,0.17,0.13,0.17,1.01,1.66,84.3,0.67,1.93,1.4,5.76
295,Lyle Foster,Forward,27,Burnley,2023-2024,0.79,0.77,0.17,0.19,2.58,1.33,77.7,1.33,0.92,0.0,2.49
296,Bukayo Saka,Winger,25,Arsenal,2021-2022,0.57,0.25,0.4,0.32,3.36,1.42,83.1,4.15,0.32,0.25,1.94
297,Joe Rothwell,Midfielder,29,Leeds United,2021-2022,0.15,0.16,0.23,0.23,0.4,3.04,87.4,2.2,0.8,2.24,7.25
298,Will Hughes,Midfielder,29,Crystal Palace,2022-2023,0.18,0.1,0.3,0.12,0.73,2.28,83.8,1.38,2.48,2.1,5.35
299,Mario Lemina,Midfielder,31,Wolves,2021-2022,0.24,0.13,0.1,0.26,1.07,2.03,88.4,2.34,2.82,1.35,10.56
300,Diogo Jota,Winger,30,Liverpool,2023-2024,0.59,0.45,0.4,0.14,3.48,3.0,85.0,5.2,1.24,0.7,4.49
301,Diogo Jota,Winger,28,Liverpool,2021-2022,0.08,0.4,0.34,0.29,3.09,3.0,84.6,1.54,0.56,0.41,5.04
302,Mohammed Kudus,Winger,27,West Ham,2024-2025,0.55,0.25,0.42,0.24,3.34,0.78,80.1,2.7,0.86,0.64,7.31
303,João Pedro,Forward,29,Brighton,2025-2026,0.8,0.79,0.18,0.07,3.73,0.44,74.0,0.73,0.87,0.57,3.67
304,Kalvin Phillips,Midfielder,33,West Ham,2025-2026,0.34,0.23,0.4,0.16,1.07,2.38,81.8,1.2,1.87,1.5,8.28
305,Diogo Jota,Winger,32,Liverpool,2024-2025,0.38,0.41,0.48,0.22,3.8,1.99,80.8,1.4,1.55,0.77,5.66
306,William Saliba,Defender,26,Arsenal,2024-2025,0.1,0.09,0.13,0.0,0.6,0.71,91.1,0.47,2.13,6.13,5.89
307,Dango Ouattara,Winger,25,Bournemouth,2024-2025,0.4,0.44,0.26,0.22,3.14,1.76,84.8,3.04,0.75,0.27,5.91
308,Abdoulaye Doucouré,Midfielder,32,Everton,2021-2022,0.11,0.2,0.26,0.41,1.06,3.62,86.8,1.21,2.41,1.04,8.26
309,John Stones,Defender,32,Man City,2023-2024,0.12,0.12,0.13,0.1,0.51,0.71,83.2,0.4,3.76,6.44,4.79
310,John McGinn,Midfielder,30,Aston Villa,2021-2022,0.04,0.22,0.35,0.16,2.53,3.09,84.7,0.2,4.63,0.51,4.54
311,Ryan Gravenberch,Midfielder,22,Liverpool,2021-2022,0.06,0.21,0.34,0.2,1.41,2.55,77.8,1.45,2.25,0.7,6.99
312,Rasmus Højlund,Forward,23,Man United,2022-2023,0.4,0.87,0.29,0.13,2.54,0.67,90.2,2.04,0.37,1.62,3.47
313,Mason Mount,Winger,29,Man United,2025-2026,0.66,0.33,0.33,0.26,2.43,1.4,79.8,4.08,0.45,0.64,3.0
314,Callum Hudson-Odoi,Winger,27,Chelsea,2024-2025,0.42,0.42,0.54,0.16,2.59,2.17,77.8,4.43,1.94,0.77,6.08
315,Virgil van Dijk,Defender,35,Liverpool,2023-2024,0.08,0.16,0.13,0.1,0.38,1.16,82.3,0.34,5.32,2.59,
316,James Tarkowski,Defender,34,Everton,2022-2023,0.1,0.09,0.08,0.09,0.23,0.52,86.8,0.37,3.18,5.53,4.68
317,Emiliano Buendía,Winger,32,Aston Villa,2024-2025,0.26,0.59,0.21,0.29,3.86,2.0,83.3,2.83,1.24,0.91,5.46
318,Raúl Jiménez,Forward,36,Fulham,2024-2025,0.8,0.59,0.18,0.11,3.9,1.04,73.1,1.75,0.51,1.36,4.63
319,Emiliano Buendía,Winger,31,Aston Villa,2022-2023,0.12,0.26,0.2,0.21,2.28,1.36,78.0,4.35,0.9,0.88,5.87
320,Dominik Szoboszlai,Midfielder,28,Liverpool,2025-2026,0.31,0.25,0.29,0.15,0.87,1.97,91.5,2.21,3.0,0.33,6.98
321,César Azpilicueta,Defender,38,Chelsea,2025-2026,0.23,0.16,0.1,0.09,0.57,0.82,88.3,0.0,4.89,,4.71
322,Jurriën Timber,Defender,25,Arsenal,2022-2023,0.08,0.08,0.11,0.09,0.47,0.64,86.4,0.68,4.74,2.82,5.88
323,Marcus Rashford,Forward,31,Man United,2025-2026,0.67,0.62,0.36,0.23,3.68,1.54,75.7,1.49,0.87,1.49,5.24
324,Archie Gray,Midfielder,21,Tottenham,2024-2025,0.36,0.25,0.26,0.26,2.45,1.82,86.5,0.9,1.88,0.66,7.47
325,Gabriel Martinelli,Forward,23,Arsenal,2021-2022,0.89,0.46,0.22,0.22,2.84,1.31,78.1,1.87,0.59,0.71,4.1
326,Moussa Diaby,Winger,25,Aston Villa,2021-2022,0.24,0.28,0.21,0.19,2.47,1.85,86.8,0.81,1.75,0.97,1.89
327,Brennan Johnson,Winger,25,Tottenham,2023-2024,0.57,0.43,0.4,0.36,2.7,2.09,85.2,1.93,1.19,0.52,4.78
328,João Cancelo,Defender,33,Man City,2022-2023,0.12,0.09,0.06,0.04,0.25,0.6,78.0,0.37,5.1,1.66,6.82
329,Virgil van Dijk,Defender,34,Liverpool,2024-2025,0.18,0.1,0.11,0.12,0.75,1.03,88.3,0.95,5.05,6.51,4.5
330,Douglas Luiz,Midfielder,27,Aston Villa,2023-2024,0.21,0.16,0.37,0.08,1.1,1.66,92.6,0.63,3.47,1.22,6.99
331,Cole Palmer,Midfielder,24,Chelsea,2023-2024,0.29,0.15,0.11,0.02,1.06,1.75,86.7,1.21,3.19,0.43,8.45
332,Casemiro,Midfielder,34,Man United,2023-2024,0.27,0.18,0.3,0.21,1.25,3.63,90.1,1.77,2.34,0.92,11.56
333,Rodrigo Muniz,Forward,25,Fulham,2023-2024,0.77,0.7,0.1,0.28,3.02,1.05,77.0,2.39,0.63,1.4,5.48
334,Dominik Szoboszlai,Midfielder,27,Liverpool,2024-2025,0.2,0.23,0.19,0.05,1.76,2.63,84.8,1.93,2.18,1.9,11.25
335,Marc Guéhi,Defender,27,Crystal Palace,2025-2026,0.24,0.15,0.07,0.02,0.69,0.37,84.7,0.84,5.47,3.25,6.66
336,Anthony Gordon,Winger,25,Newcastle,2023-2024,0.56,0.17,0.44,0.29,1.34,1.86,77.6,2.24,1.42,0.71,3.95
337,Declan Rice,Midfielder,29,Arsenal,2023-2024,0.17,0.17,0.33,0.14,0.9,3.97,93.5,1.38,4.43,1.16,6.6
338,Angelo Ogbonna,Defender,36,West Ham,2021-2022,0.05,0.08,0.19,0.06,0.31,1.09,83.4,0.0,5.05,3.86,4.37
339,Lucas Paquetá,Midfielder,30,West Ham,2022-2023,0.2,0.08,,0.17,1.8,2.26,92.8,2.01,3.21,0.25,7.61
340,Lyle Foster,Forward,24,Burnley,2021-2022,0.72,0.26,0.05,0.2,3.47,1.33,79.7,1.32,0.99,0.82,2.64
341,Andros Townsend,Winger,34,Everton,2022-2023,0.34,0.4,0.37,0.38,1.72,2.37,74.7,3.11,0.68,0.28,5.97
342,Raheem Sterling,Winger,33,Arsenal,2024-2025,0.32,0.09,0.19,0.28,2.95,2.29,74.2,3.04,1.28,0.68,4.47
343,Vitaliy Mykolenko,Defender,29,Everton,2025-2026,0.19,0.21,0.07,0.09,0.97,0.8,91.4,1.0,3.23,3.42,3.22
344,James Garner,Midfielder,27,Everton,2025-2026,0.25,0.17,0.31,0.21,1.76,2.29,90.1,2.06,3.33,0.61,8.56
345,Mason Greenwood,Forward,26,Man United,2024-2025,0.88,0.52,0.25,0.17,3.4,1.91,84.7,0.2,0.87,0.52,2.96
346,Ibrahima Konaté,Defender,27,Liverpool,2023-2024,0.19,0.04,0.03,0.11,0.04,0.57,81.2,0.36,4.78,3.8,2.55
347,Rúben Dias,Defender,32,Man City,2025-2026,0.23,0.16,0.19,0.09,0.54,0.67,80.2,0.9,5.36,5.62,4.46
348,Harry Maguire,Defender,31,Man United,2022-2023,0.12,0.0,0.05,0.06,0.76,0.35,79.2,0.76,5.86,5.82,4.01
349,Evan Ferguson,Forward,21,Brighton,2022-2023,0.78,0.64,0.2,0.08,2.81,1.1,79.3,0.6,1.72,1.37,5.0
350,Pierre-Emile Højbjerg,Midfielder,29,Tottenham,2021-2022,0.17,0.21,0.3,0.27,1.94,2.14,82.6,0.97,1.23,2.23,5.51
351,Darwin Núñez,Forward,29,Liverpool,2024-2025,0.7,0.49,0.01,0.14,2.16,1.1,78.1,1.43,0.56,0.32,4.46
352,Max Kilman,Defender,29,West Ham,2023-2024,0.09,0.18,0.0,0.07,0.65,1.27,87.1,0.09,3.81,4.89,5.28
353,Dwight McNeil,Winger,27,Everton,2024-2025,0.64,0.28,0.47,0.55,2.0,1.57,81.4,2.74,0.9,0.26,5.44
354,Michail Antonio,Forward,35,West Ham,2022-2023,0.8,0.88,0.22,0.31,4.64,1.0,79.4,3.02,1.52,1.01,4.17
355,Joško Gvardiol,Defender,23,Man City,2022-2023,0.06,0.0,0.17,0.09,0.63,0.65,82.7,0.7,3.57,3.15,5.85
356,Declan Rice,Midfielder,31,Arsenal,2025-2026,0.45,0.03,0.32,0.23,0.66,1.94,87.3,1.39,3.8,1.42,7.53
357,Pierre-Emerick Aubameyang,Forward,37,Arsenal,2023-2024,0.99,0.59,0.27,0.08,4.65,1.66,79.5,1.86,1.21,0.82,4.68
358,Wesley Fofana,Defender,23,Chelsea,2021-2022,0.07,0.12,0.21,0.1,0.75,0.07,81.3,0.32,3.58,4.3,3.84
359,Mason Greenwood,Forward,23,Man United,2021-2022,0.48,0.55,0.12,0.09,3.42,1.32,75.5,1.47,0.99,0.12,1.81
360,Anthony Martial,Forward,32,Man United,2023-2024,0.52,0.64,0.22,0.09,4.33,1.73,84.2,1.11,1.18,0.44,4.39
361,Ellis Simms,Forward,27,Sunderland,2025-2026,0.66,0.68,0.0,0.22,3.8,0.83,80.5,2.54,0.66,0.96,4.08
362,Jarrod Bowen,Winger,29,West Ham,2022-2023,0.12,0.31,0.13,0.3,2.05,2.25,83.8,2.73,0.2,0.92,6.42
363,Kalvin Phillips,Midfielder,30,Leeds United,2021-2022,0.19,0.12,0.33,0.35,1.68,2.41,80.8,0.96,2.56,0.9,7.16
364,Chris Wood,Forward,36,Nottingham Forest,2024-2025,0.86,0.32,0.09,0.0,3.46,1.62,89.9,1.56,0.95,0.46,2.97
365,Brennan Johnson,Winger,24,Tottenham,2022-2023,0.38,0.33,0.24,0.16,2.29,1.64,73.4,3.29,1.75,0.47,4.61
366,Anthony Elanga,Forward,23,Nottingham Forest,2022-2023,0.26,1.0,0.15,0.18,5.36,0.39,74.5,2.15,1.55,0.68,1.07
367,Takehiro Tomiyasu,Defender,27,Arsenal,2022-2023,0.2,0.08,0.15,0.11,0.39,1.05,84.4,0.4,5.05,3.97,4.05
368,Nathan Aké,Defender,29,Man City,2021-2022,0.08,0.01,0.16,0.07,0.61,0.95,85.2,0.93,4.49,3.77,5.01
369,Marc Cucurella,Defender,30,Chelsea,2025-2026,0.24,0.13,0.04,0.08,0.38,0.91,73.5,0.63,5.11,5.56,5.95
370,Kalidou Koulibaly,Defender,33,Chelsea,2021-2022,0.05,0.05,0.15,0.02,0.67,1.04,86.5,0.67,5.2,1.26,5.45
371,Joel Piroe,Forward,24,Leeds United,2021-2022,0.34,0.57,0.23,0.2,6.0,1.49,83.7,2.47,1.16,0.57,4.41
372,Cameron Archer,Forward,27,Sunderland,2025-2026,1.04,0.76,0.15,0.15,2.7,1.41,77.1,2.07,1.32,0.86,4.85
373,Anthony Gordon,Winger,23,Everton,2022-2023,0.3,0.34,0.49,0.21,2.91,1.78,79.1,4.15,1.58,0.67,4.51
374,Demarai Gray,Winger,30,Everton,2022-2023,0.3,0.26,0.43,0.4,2.82,2.32,79.0,2.01,0.37,0.0,5.51
375,Douglas Luiz,Midfielder,26,Aston Villa,2021-2022,0.16,0.15,0.14,0.24,0.69,2.32,82.4,1.16,3.79,1.75,8.6
376,Ben White,Defender,31,Arsenal,2025-2026,0.23,0.19,0.13,0.08,0.96,,86.3,0.7,3.27,4.65,7.34
377,Martin Ødegaard,Midfielder,29,Arsenal,2024-2025,0.24,0.19,0.36,0.03,0.95,2.66,88.0,1.24,2.5,0.88,7.85
378,Adam Wharton,Midfielder,24,Crystal Palace,2025-2026,0.5,0.28,0.3,0.22,1.84,1.69,91.9,1.48,3.23,1.12,7.32
379,Savinho,Winger,23,Man City,2023-2024,0.43,0.52,0.34,,3.11,2.62,80.0,3.78,1.78,0.75,3.78
380,Mateo Kovačić,Midfielder,31,Chelsea,2022-2023,0.28,0.22,0.18,0.23,1.59,1.02,88.8,1.99,1.92,0.5,7.44
381,Thiago Alcântara,Midfielder,36,Liverpool,2024-2025,0.24,0.19,0.2,0.07,1.61,,85.8,2.39,2.7,0.73,9.79
382,João Cancelo,Defender,30,Man City,2021-2022,0.15,0.04,0.06,0.07,0.51,0.98,75.9,0.23,3.13,5.64,6.89
383,Darwin Núñez,Forward,26,Liverpool,2022-2023,0.94,0.41,0.34,0.22,0.79,0.8,82.1,1.33,0.86,0.33,2.63
384,Elliot Anderson,Midfielder,26,Nottingham Forest,2025-2026,0.3,0.29,0.29,0.37,1.67,2.2,85.3,2.97,2.34,1.35,8.66
385,Mario Lemina,Midfielder,34,Wolves,2023-2024,0.15,0.22,0.42,0.13,1.12,3.16,87.0,1.27,4.14,1.56,7.96
386,Folarin Balogun,Forward,25,Arsenal,2023-2024,0.66,0.67,0.23,0.09,2.06,0.63,83.3,1.63,0.94,0.79,3.95
387,Kobbie Mainoo,Midfielder,20,Man United,2022-2023,0.2,0.25,,0.29,0.98,1.64,89.4,0.51,3.48,0.74,6.1
388,Jan Paul van Hecke,Defender,25,Brighton,2022-2023,0.08,0.0,0.14,0.07,0.79,0.43,83.1,0.79,3.91,4.4,5.49
389,Mason Mount,Midfielder,28,Man United,2024-2025,0.24,0.26,0.2,0.15,1.43,2.78,92.4,1.71,1.21,1.54,6.67
390,Alexander Isak,Forward,25,Newcastle,2021-2022,0.13,0.17,0.12,0.08,3.48,0.75,70.9,2.83,0.81,0.73,1.79
391,Martin Ødegaard,Midfielder,29,Arsenal,2025-2026,0.35,0.17,0.21,0.19,2.43,3.16,85.6,1.59,3.06,1.79,9.43
392,Kieran Tierney,Defender,31,Arsenal,2025-2026,0.16,0.14,0.13,0.09,0.47,0.68,77.3,0.38,2.92,2.88,6.49
393,Cody Gakpo,Winger,29,Liverpool,2025-2026,0.42,0.39,,0.29,2.56,1.93,92.0,1.97,0.24,0.76,6.24
394,Illia Zabarnyi,Defender,26,Bournemouth,2024-2025,0.2,0.09,0.06,0.18,0.43,1.19,76.7,0.27,5.16,2.36,4.39
395,Sergio Agüero,Forward,38,Man City,2023-2024,0.47,0.28,0.19,,3.6,0.3,81.0,3.26,1.01,0.94,3.79
396,Haji Wright,Forward,27,Leeds United,2022-2023,0.8,0.81,0.16,0.12,3.72,0.51,77.4,1.9,1.33,0.78,3.98
397,Andros Townsend,Winger,36,Everton,2024-2025,0.57,0.26,0.36,0.37,3.69,0.85,77.9,2.96,1.03,0.42,9.12
398,Simon Adingra,Winger,23,Brighton,2022-2023,0.52,0.39,0.3,0.2,1.9,2.46,78.4,4.71,1.51,0.4,6.37
399,Cristian Romero,Defender,27,Tottenham,2022-2023,0.16,0.03,0.09,0.0,0.49,0.85,79.9,0.89,4.2,4.94,6.33
400,Connor Roberts,Defender,31,Burnley,2023-2024,0.09,0.16,0.09,0.09,1.05,1.14,85.9,0.94,4.42,2.72,3.24
401,Moisés Caicedo,Midfielder,23,Brighton,2021-2022,0.1,0.09,0.03,0.18,0.2,1.29,89.0,2.07,3.14,0.72,7.41
402,Pape Matar Sarr,Midfielder,24,Tottenham,2023-2024,0.25,0.19,0.29,0.23,1.81,2.06,85.4,1.75,2.96,1.19,9.85
403,Darwin Núñez,Forward,27,Liverpool,2023-2024,0.39,0.35,0.09,0.31,1.7,1.04,80.7,1.61,0.82,0.3,3.23
404,Boubacar Kamara,Midfielder,28,Aston Villa,2024-2025,0.24,0.25,0.29,0.27,0.39,2.04,91.5,1.26,3.73,2.02,10.05
405,Callum Wilson,Forward,33,Newcastle,2022-2023,0.64,0.64,0.28,0.08,1.51,1.93,74.1,1.2,0.81,0.98,4.96
406,Richarlison,Winger,28,Tottenham,2022-2023,0.36,0.3,0.24,0.33,,2.27,82.0,2.83,0.94,0.19,5.94
407,Kobbie Mainoo,Midfielder,23,Man United,2025-2026,0.25,0.27,0.16,0.24,0.83,2.35,88.6,1.56,2.57,1.55,7.4
408,Youri Tielemans,Midfielder,31,Aston Villa,2025-2026,0.18,0.16,0.46,0.4,0.27,1.13,90.4,1.48,3.23,1.36,8.68
409,Yoane Wissa,Forward,28,Brentford,2021-2022,0.66,0.61,0.07,0.04,4.35,1.37,74.3,2.89,0.95,1.17,3.58
410,Cole Palmer,Winger,22,Man City,2021-2022,0.2,0.46,0.34,0.16,2.27,1.47,73.8,4.03,2.15,0.18,5.84
411,Michael Olise,Winger,26,Crystal Palace,2024-2025,0.36,0.28,0.38,0.31,1.34,1.73,85.0,2.86,2.42,0.81,7.6
412,João Pedro,Forward,26,Brighton,2023-2024,0.88,0.42,0.14,0.2,3.45,0.75,76.4,1.86,0.44,1.27,5.3
413,Evan Ferguson,Forward,20,Brighton,2021-2022,0.51,0.28,0.06,0.23,4.42,1.16,83.0,2.05,0.64,0.84,5.35
414,Takumi Minamino,Winger,31,Liverpool,2023-2024,0.37,0.4,0.37,0.34,1.44,2.2,80.9,4.24,1.12,0.62,5.66
415,Rodrigo Bentancur,Midfielder,31,Tottenham,2025-2026,0.39,0.13,0.34,0.22,0.78,1.46,96.0,1.66,0.85,1.04,
416,Nikola Milenković,Defender,30,Nottingham Forest,2024-2025,0.16,0.12,0.05,0.09,0.59,1.14,88.1,0.99,2.25,5.48,5.57
417,Pedro Porro,Defender,29,Tottenham,2025-2026,,0.13,0.07,0.09,0.49,0.29,88.5,1.37,4.04,5.73,6.71
418,Christian Pulisic,Winger,27,Chelsea,2022-2023,0.3,0.26,0.16,0.29,2.48,2.22,70.9,3.44,0.2,0.15,3.44
419,Bernardo Silva,Winger,31,Man City,2022-2023,0.38,0.45,0.26,0.33,2.01,2.29,85.6,,1.43,0.72,5.87
420,Cristian Romero,Defender,28,Tottenham,2023-2024,0.16,0.09,0.07,0.03,0.41,0.67,90.7,0.82,4.11,5.8,5.73
421,Hwang Hee-chan,Forward,30,Wolves,2024-2025,0.94,0.57,0.27,0.15,2.81,0.74,78.1,0.53,0.39,1.27,2.45
422,Lucas Paquetá,Midfielder,31,West Ham,2025-2026,0.17,0.25,0.14,0.23,1.89,2.63,85.6,1.79,3.17,2.01,8.14
423,Mateo Kovačić,Midfielder,32,Chelsea,2021-2022,0.16,0.1,0.26,0.1,0.91,3.24,83.4,0.97,3.23,1.79,8.79
424,Mohamed Salah,Forward,32,Liverpool,2021-2022,0.12,0.24,0.2,0.22,3.35,1.14,76.5,0.77,0.61,0.52,4.77
425,Destiny Udogie,Defender,24,Tottenham,2024-2025,0.16,0.14,0.07,0.19,0.12,0.05,90.2,0.21,6.2,5.05,4.4
426,Bryan Mbeumo,Forward,29,Brentford,2025-2026,0.35,0.93,0.27,0.09,3.28,1.66,84.0,1.17,0.56,1.33,5.28
427,Sandro Tonali,Midfielder,25,Newcastle,2022-2023,0.2,0.23,0.22,0.14,1.15,2.28,85.0,1.14,2.69,1.97,8.32
428,Yankuba Minteh,Winger,24,Brighton,2024-2025,0.36,0.26,0.17,0.29,3.42,2.36,81.7,2.83,1.69,1.11,6.21
429,Josh Cullen,Midfielder,28,Burnley,2021-2022,0.08,0.11,0.43,,0.59,3.43,85.2,1.2,3.63,0.9,10.79
430,Marcus Rashford,Forward,31,Man United,2024-2025,0.84,0.24,0.29,0.19,2.93,0.81,75.6,3.09,,0.0,5.26
431,Erling Haaland,Forward,27,Man City,2025-2026,0.61,0.72,0.12,0.14,4.45,1.04,82.1,1.77,0.32,1.05,5.05
432,Sandro Tonali,Midfielder,27,Newcastle,2024-2025,0.34,0.08,0.2,0.34,1.09,2.26,87.3,0.94,0.81,1.38,7.05
433,Zeki Amdouni,Forward,26,Burnley,2023-2024,1.15,0.65,0.18,0.26,1.74,1.59,86.6,2.71,0.78,1.27,2.33
434,Diogo Dalot,Defender,27,Man United,2023-2024,0.07,0.14,0.01,0.06,,0.75,80.5,0.33,3.11,4.61,3.87
435,Levi Colwill,Defender,24,Chelsea,2025-2026,0.23,0.17,0.01,0.1,0.63,0.11,81.1,0.91,3.1,5.62,4.21
436,Anthony Gordon,Winger,22,Everton,2021-2022,0.41,0.32,0.17,0.21,1.66,1.96,,,1.45,0.44,3.81
437,Alexander Isak,Forward,28,Newcastle,2023-2024,1.19,0.44,0.17,0.07,3.72,1.34,86.6,2.12,0.7,1.24,4.91
438,Micky van de Ven,Defender,23,Tottenham,2021-2022,0.12,0.05,0.07,0.03,0.35,0.62,85.8,0.92,3.4,6.29,4.12
439,Mateo Kovačić,Midfielder,32,Man City,2023-2024,,0.23,0.19,0.13,0.66,2.55,84.8,1.24,3.14,0.49,8.71
440,Moussa Diaby,Winger,26,Aston Villa,2022-2023,0.58,0.34,0.37,0.25,1.4,3.11,79.9,4.32,2.17,0.95,5.55
441,Matheus Cunha,Forward,27,Wolves,2023-2024,0.64,0.85,0.11,0.11,5.59,1.68,68.8,1.78,1.25,1.04,2.79
442,Jamie Vardy,Forward,37,Leicester,2021-2022,0.28,0.51,0.22,0.09,3.34,1.23,72.3,2.05,1.12,1.13,
443,Thiago Alcântara,Midfielder,34,Liverpool,2022-2023,0.4,0.12,0.12,0.12,1.55,1.85,87.6,3.31,2.72,1.67,6.96
444,Wilfried Gnonto,Winger,25,Leeds United,2025-2026,0.4,0.34,0.25,0.28,2.32,2.0,81.0,2.8,1.7,1.18,5.12
445,Beto,Forward,26,Everton,2022-2023,0.22,0.61,0.28,0.37,3.95,0.97,86.1,1.2,1.07,0.61,4.34
446,Kaoru Mitoma,Winger,29,Brighton,2023-2024,0.33,0.18,0.29,0.17,1.52,1.37,86.3,3.05,1.17,0.0,4.28
447,Harry Kane,Forward,34,Tottenham,2025-2026,0.62,0.58,0.16,0.03,2.69,2.3,75.5,1.91,0.71,1.14,5.25
448,Hwang Hee-chan,Forward,28,Wolves,2021-2022,0.36,0.29,0.23,0.14,3.84,1.44,77.6,1.21,0.29,0.52,4.53
449,Trent Alexander-Arnold,Defender,28,Liverpool,2023-2024,0.17,0.13,0.17,0.06,0.67,0.46,85.2,0.37,5.2,2.77,
450,Cody Gakpo,Winger,27,Liverpool,2023-2024,0.49,0.23,0.35,0.03,3.43,2.37,79.9,2.64,0.43,0.53,6.32
451,Casemiro,Midfielder,33,Man United,2022-2023,0.22,0.18,0.18,0.31,1.37,1.41,79.4,2.1,2.2,1.04,7.77
452,Simon Adingra,Winger,24,Brighton,2023-2024,0.27,0.3,0.17,0.22,2.27,1.84,83.6,4.75,0.78,0.54,5.39
453,Andrew Robertson,Defender,31,Liverpool,2021-2022,0.1,0.04,0.03,0.0,0.38,0.63,79.1,0.55,4.28,4.23,3.59
454,Mario Lemina,Midfielder,35,Wolves,2024-2025,0.26,0.23,0.11,0.14,1.45,3.82,83.6,1.56,3.14,1.0,10.11
455,John Stones,Defender,31,Man City,2022-2023,0.16,0.01,,0.12,0.49,1.01,87.2,0.29,3.98,3.76,3.23
456,Jacob Murphy,Winger,29,Newcastle,2021-2022,0.28,0.12,0.17,0.16,1.86,1.98,81.0,4.6,0.7,0.9,4.68
457,Ilkay Gündogan,Midfielder,35,Man City,2022-2023,0.22,0.12,0.16,,1.31,1.64,89.2,0.99,2.64,1.87,7.05
458,Andy Robertson,Defender,31,Liverpool,2022-2023,0.1,0.01,0.12,0.04,0.28,1.19,92.8,0.67,3.71,2.21,4.41
459,Edinson Cavani,Forward,38,Man United,2022-2023,0.76,0.31,0.07,0.16,3.23,1.02,88.4,1.57,0.73,0.75,
460,Bukayo Saka,Winger,28,Arsenal,2025-2026,0.22,0.27,0.36,0.31,3.78,1.57,90.0,5.15,0.9,0.82,6.41
461,James Ward-Prowse,Midfielder,32,West Ham,2023-2024,0.24,0.16,0.26,0.28,1.09,4.07,83.9,2.06,2.56,1.84,10.22
462,Kalvin Phillips,Midfielder,32,West Ham,2024-2025,0.24,0.28,0.13,0.15,2.34,2.51,85.1,1.66,3.14,1.07,8.1
463,Emile Smith Rowe,Winger,23,Arsenal,2022-2023,0.4,0.12,0.11,0.33,2.38,0.73,75.5,3.35,0.95,1.11,7.35
464,Pedro Neto,Winger,27,Chelsea,2024-2025,0.56,0.14,0.31,0.29,2.57,1.89,80.1,4.34,0.53,0.39,5.64
465,Haji Wright,Forward,27,Leeds United,2021-2022,0.52,0.57,0.27,0.06,2.9,0.96,74.7,3.04,1.06,0.2,4.6
466,Michael Olise,Winger,23,Crystal Palace,2021-2022,0.18,0.21,0.14,,2.42,1.58,81.0,3.1,1.09,0.78,6.14
467,Luke Shaw,Defender,32,Man United,2023-2024,0.13,0.08,0.1,0.03,0.25,0.37,72.0,0.28,4.52,4.21,4.94
468,Mohamed Salah,Forward,35,Liverpool,2024-2025,1.0,0.43,0.2,0.25,2.58,0.97,74.1,1.25,0.2,1.12,4.23
469,Roberto Firmino,Forward,35,Liverpool,2023-2024,0.6,0.59,0.05,0.29,2.55,1.89,70.5,2.45,0.84,0.7,4.09
470,Oliver Skipp,Midfielder,26,Tottenham,2023-2024,0.24,0.23,0.28,0.25,1.19,1.75,85.9,2.48,2.52,1.0,7.47
471,Jorginho,Midfielder,34,Arsenal,2022-2023,0.15,0.12,0.37,0.18,0.72,2.72,92.8,2.33,2.26,1.53,7.57
472,N'Golo Kanté,Midfielder,33,Chelsea,2021-2022,0.19,0.12,0.29,0.23,0.41,1.74,85.4,0.87,3.28,1.97,9.69
473,Conor Gallagher,Midfielder,26,Chelsea,2024-2025,0.28,0.18,0.04,0.16,0.86,2.03,91.4,1.36,1.15,2.03,6.83
474,Pascal Groß,Midfielder,34,Brighton,2022-2023,0.2,0.02,0.35,0.24,1.22,2.21,88.9,1.88,2.8,1.56,8.98
475,Andros Townsend,Winger,35,Everton,2023-2024,0.16,0.14,0.45,0.35,3.39,1.83,76.7,3.11,2.57,1.17,6.24
476,Carlos Vinícius,Forward,32,Fulham,2024-2025,0.52,0.57,0.1,0.19,2.1,1.66,83.6,,1.31,1.35,6.16
477,Eric Dier,Defender,30,Tottenham,2021-2022,0.09,0.04,0.06,0.05,0.32,1.27,82.4,1.03,5.72,5.7,3.9
478,Idrissa Gueye,Midfielder,38,Everton,2024-2025,0.26,0.22,0.34,0.05,1.27,2.46,81.3,1.51,4.09,1.7,6.19
479,Timo Werner,Winger,29,Tottenham,2022-2023,0.32,0.56,0.21,0.38,2.57,2.09,87.9,3.42,0.71,0.33,6.87
480,Neal Maupay,Forward,29,Everton,2022-2023,0.24,0.18,0.12,0.09,2.05,1.11,75.0,1.36,1.97,1.17,4.64
481,Lewis Hall,Defender,20,Newcastle,2021-2022,0.02,0.14,0.07,0.08,0.77,0.72,92.5,0.38,4.39,3.61,2.65
482,Yankuba Minteh,Winger,20,Brighton,2021-2022,0.27,0.31,0.32,0.33,3.81,1.89,76.4,1.96,0.83,0.59,7.69
483,Demarai Gray,Winger,30,Everton,2023-2024,0.25,0.48,0.3,0.29,2.97,2.0,74.4,3.13,0.9,0.6,5.88
484,Liam Delap,Forward,23,Chelsea,2022-2023,0.6,0.64,0.14,0.16,3.39,0.91,82.6,1.45,0.99,1.17,4.93
485,Will Hughes,Midfielder,32,Crystal Palace,2024-2025,0.26,0.28,0.25,0.29,,2.53,88.0,2.12,2.76,1.37,12.49
486,Harry Maguire,Defender,33,Man United,2023-2024,0.16,0.18,0.09,0.11,0.27,0.89,84.2,0.27,4.44,6.21,6.43
487,Declan Rice,Midfielder,29,Arsenal,2024-2025,0.38,0.17,0.13,0.36,1.94,3.2,82.2,1.08,3.24,2.15,8.05
488,Michael Olise,Winger,25,Crystal Palace,2023-2024,0.28,0.25,0.3,0.22,2.44,2.01,75.3,4.11,1.15,0.76,3.69
489,Pascal Struijk,Defender,29,Leeds United,2025-2026,0.2,0.12,0.09,0.23,0.58,0.4,87.5,0.9,4.35,4.47,4.65
490,Erling Haaland,Forward,25,Man City,2022-2023,0.78,0.69,0.23,0.13,2.96,1.02,85.8,2.71,0.69,0.49,4.25
491,João Gomes,Midfielder,24,Wolves,2021-2022,0.2,0.09,0.3,0.35,1.86,2.44,83.4,2.02,3.11,1.65,8.64
492,Emile Smith Rowe,Winger,28,Arsenal,2024-2025,0.56,0.25,0.55,0.21,2.02,2.12,81.7,4.55,1.93,0.51,3.12
493,Danny Ings,Forward,36,West Ham,2025-2026,0.31,0.61,0.33,0.05,3.33,1.16,84.1,1.21,1.04,0.72,3.94
494,Murillo,Defender,25,Nottingham Forest,2024-2025,0.2,0.09,0.02,0.09,1.09,0.05,87.0,0.64,2.76,2.03,6.06
495,Virgil van Dijk,Defender,33,Liverpool,2021-2022,0.03,0.02,0.08,0.06,,0.94,88.8,0.63,5.68,3.13,4.23
496,Cody Gakpo,Winger,26,Liverpool,2022-2023,0.3,0.22,0.16,0.32,1.37,2.47,88.1,2.99,0.8,0.29,6.21
497,Callum Hudson-Odoi,Midfielder,25,Nottingham Forest,2022-2023,0.1,0.21,0.03,0.21,1.23,4.42,88.8,1.48,1.13,0.59,6.49
498,Pierre-Emile Højbjerg,Midfielder,31,Tottenham,2024-2025,0.24,0.2,0.29,0.25,1.26,1.02,90.3,1.68,1.21,0.47,8.37
499,Kevin De Bruyne,Midfielder,38,Man City,2024-2025,0.44,0.29,0.25,0.27,0.5,1.29,90.1,1.41,2.68,1.59,2.62
500,James Milner,Midfielder,38,Brighton,2024-2025,,0.21,0.19,0.2,1.04,2.65,84.5,1.5,3.88,0.95,5.76
501,Neal Maupay,Forward,32,Everton,2025-2026,0.72,0.52,0.13,0.09,3.19,1.18,71.7,1.33,0.72,0.83,5.29
502,Liam Delap,Forward,23,Chelsea,2024-2025,0.78,0.72,0.04,0.2,3.46,0.81,85.3,2.29,0.23,0.84,3.83
503,Nicolas Jackson,Forward,27,Chelsea,2025-2026,0.49,0.33,0.0,0.28,3.81,,75.4,1.29,1.08,0.51,3.51
504,Eddie Nketiah,Forward,28,Arsenal,2024-2025,0.45,0.36,0.09,0.14,2.92,0.6,83.3,2.36,1.22,0.65,2.15
505,Diego Costa,Forward,36,Wolves,2021-2022,0.5,0.54,0.33,0.23,3.06,1.19,73.0,1.79,0.78,0.83,2.51
506,Kai Havertz,Forward,29,Arsenal,2025-2026,0.53,0.57,0.16,0.16,3.46,1.13,78.4,0.85,0.67,0.19,
507,Phil Foden,Winger,24,Man City,2021-2022,0.42,0.46,0.29,0.42,1.43,0.98,79.8,3.55,1.18,0.0,4.87
508,John Stones,Defender,34,Man City,2025-2026,0.22,0.16,0.12,0.0,1.32,1.02,90.0,0.51,5.42,5.48,4.38
509,Jean-Philippe Mateta,Forward,27,Crystal Palace,2021-2022,0.38,0.32,0.1,0.15,3.51,1.34,82.1,1.81,1.48,0.59,6.76
510,Harvey Barnes,Winger,29,Newcastle,2024-2025,0.52,0.23,0.18,0.26,2.67,2.07,76.4,3.05,0.22,1.01,5.91
511,Diego Costa,Forward,36,Wolves,2022-2023,0.86,0.22,0.2,0.01,3.54,1.24,85.3,2.6,0.93,0.44,3.44
512,Rúben Dias,Defender,27,Man City,2021-2022,0.03,0.0,0.0,0.07,1.13,1.28,81.7,0.39,4.67,3.3,4.92
513,Noni Madueke,Winger,25,Chelsea,2024-2025,0.44,0.38,0.23,0.27,3.61,,70.3,5.52,1.68,0.77,7.44
514,Fabian Schär,Defender,33,Newcastle,2021-2022,0.07,0.08,0.05,0.1,0.52,0.96,87.1,0.27,5.29,3.86,5.63
515,Habib Diarra,Midfielder,25,Sunderland,2025-2026,0.3,0.26,0.25,0.16,1.4,2.24,84.3,1.51,3.27,1.36,5.41
516,Andros Townsend,Winger,37,Everton,2025-2026,0.49,0.24,0.01,0.47,1.92,1.9,78.7,3.88,0.88,0.42,4.36
517,Divin Mubama,Forward,23,Man City,2024-2025,0.92,0.17,0.05,0.18,4.05,0.53,74.9,2.9,1.84,0.03,4.51
518,Joe Gomez,Defender,27,Liverpool,2022-2023,0.02,0.09,0.06,0.02,0.74,0.05,78.7,0.4,3.42,4.48,7.07
519,James Tarkowski,Defender,35,Everton,2024-2025,0.2,0.1,0.1,0.18,0.5,0.35,86.5,1.12,4.5,1.93,3.74
520,Matheus Cunha,Forward,26,Wolves,2022-2023,0.76,0.31,0.25,0.35,3.65,0.34,83.1,2.2,0.32,0.85,3.35
521,Lucas Paquetá,Midfielder,28,West Ham,2021-2022,0.35,0.2,0.3,0.27,1.83,2.93,87.1,1.66,2.75,0.82,6.99
522,Sven Botman,Defender,27,Newcastle,2024-2025,0.2,0.09,0.0,0.03,0.5,1.03,83.2,0.83,4.56,7.55,4.91
523,Leandro Trossard,Winger,32,Arsenal,2023-2024,0.48,0.02,0.15,0.4,1.95,2.24,71.7,2.22,1.12,0.81,5.46
524,Luis Díaz,Winger,28,Liverpool,2023-2024,0.41,0.25,0.34,0.37,3.01,1.48,80.5,4.45,1.0,0.47,4.24
525,Ryan Gravenberch,Midfielder,23,Liverpool,2022-2023,0.2,0.21,0.39,0.07,1.75,2.01,88.2,1.41,2.91,1.54,10.93
526,Harvey Elliott,Winger,21,Liverpool,2021-2022,0.25,0.21,0.18,0.26,1.82,2.16,79.8,2.98,,0.43,6.13
527,Carlos Baleba,Midfielder,24,Brighton,2025-2026,0.41,0.17,0.25,0.22,1.75,1.97,88.8,1.42,2.48,1.91,9.34
528,Will Hughes,Midfielder,31,Crystal Palace,2023-2024,0.21,0.17,0.23,,1.85,2.99,95.7,1.8,2.59,1.17,10.53
529,Fabinho,Midfielder,33,Liverpool,2023-2024,0.16,0.21,0.18,0.31,0.72,1.54,85.6,1.77,3.06,0.68,7.13
530,Raphaël Varane,Defender,35,Man United,2025-2026,0.25,0.16,0.19,0.12,0.69,0.65,86.1,0.74,5.15,3.46,3.08
531,Matheus Cunha,Forward,29,Wolves,2025-2026,0.53,0.61,0.21,0.14,2.85,1.13,83.9,2.25,0.81,0.69,3.62
532,Fabian Schär,Defender,38,Newcastle,2025-2026,0.24,0.05,0.15,0.07,,1.08,75.8,0.45,4.06,3.26,6.98
533,James Ward-Prowse,Midfielder,30,West Ham,2022-2023,0.32,0.04,0.08,0.4,1.25,3.01,80.2,1.25,2.47,1.11,8.04
534,Micky van de Ven,Defender,26,Tottenham,2025-2026,0.24,0.15,0.04,0.05,0.5,0.05,90.4,0.73,4.42,4.31,4.82
535,Jhon Durán,Forward,25,Aston Villa,2025-2026,0.71,0.52,0.16,0.07,2.11,1.69,83.7,1.86,0.54,0.79,2.59
536,Max Kilman,Defender,30,West Ham,2024-2025,0.18,0.13,0.15,0.0,0.92,0.75,85.2,0.97,4.01,5.64,5.32
537,Sadio Mané,Winger,37,Liverpool,2025-2026,0.43,0.42,0.37,0.31,2.26,2.53,78.3,1.87,1.13,0.6,6.77
538,Kyle Walker,Defender,38,Man City,2025-2026,0.19,0.11,0.08,0.09,0.37,0.94,87.3,1.04,4.57,4.07,5.58
539,Casemiro,Midfielder,36,Man United,2025-2026,0.26,0.27,0.29,0.32,1.75,1.45,89.3,2.13,4.28,1.46,4.81
540,Rodrigo Muniz,Forward,24,Fulham,2022-2023,0.66,0.67,0.13,0.29,3.15,1.14,72.9,2.76,0.89,1.24,4.92
541,Sandro Tonali,Midfielder,28,Newcastle,2025-2026,0.43,0.28,0.08,0.26,1.26,2.19,83.7,2.17,2.21,0.53,7.42
542,Jorginho,Midfielder,33,Arsenal,2021-2022,0.36,0.15,0.05,0.29,1.59,3.3,88.7,1.52,1.82,1.1,5.97
543,Danny Ings,Forward,36,West Ham,2024-2025,0.74,0.78,0.32,0.15,4.41,0.56,73.6,2.55,0.15,0.8,4.49
544,Eric Dier,Defender,33,Tottenham,2024-2025,0.12,0.18,0.09,0.02,1.21,0.21,81.1,0.87,3.86,4.98,4.73
545,Fabinho,Midfielder,34,Liverpool,2025-2026,0.39,0.24,0.25,0.37,2.78,1.53,91.6,1.51,2.78,1.8,12.31
546,Takumi Minamino,Winger,29,Liverpool,2021-2022,0.41,0.15,0.33,0.28,2.74,2.17,91.0,2.63,0.93,0.41,4.17
547,Reece James,Defender,27,Chelsea,2022-2023,0.06,0.05,0.0,0.04,0.65,0.86,89.9,0.78,5.62,4.45,3.96
548,Sven Botman,Defender,27,Newcastle,2025-2026,0.26,0.1,0.09,0.06,1.02,0.33,87.7,0.31,7.0,5.95,4.98
549,Lucas Moura,Winger,32,Tottenham,2021-2022,0.2,0.29,0.22,0.31,2.63,2.62,77.7,2.96,0.71,0.47,5.57
550,Enzo Fernández,Midfielder,24,Chelsea,2023-2024,0.27,0.18,0.17,0.2,1.4,2.25,82.6,0.94,2.42,0.81,4.85
551,Lucas Paquetá,Midfielder,29,West Ham,2023-2024,0.37,0.25,0.19,0.19,1.06,1.8,84.8,1.52,3.13,0.79,5.23
552,Liam Delap,Forward,22,Chelsea,2021-2022,0.61,0.48,0.16,0.05,2.82,1.03,74.0,1.69,1.06,1.45,3.71
553,Idrissa Gueye,Midfielder,35,Everton,2021-2022,0.1,0.12,0.48,0.38,1.62,2.43,86.5,1.97,1.98,1.07,4.5
554,Demarai Gray,Winger,28,Everton,2021-2022,0.48,0.38,,0.37,3.22,2.83,82.9,3.05,1.27,0.96,3.77
555,Wout Weghorst,Forward,34,Man United,2023-2024,0.61,0.39,0.27,0.26,3.28,2.04,78.4,1.27,0.52,0.39,5.63
556,Daniel James,Winger,31,Leeds United,2025-2026,0.52,0.33,0.3,0.19,2.96,2.41,86.4,4.18,0.94,0.53,6.32
557,Pedro Neto,Winger,25,Chelsea,2022-2023,0.3,0.25,0.34,0.46,2.66,1.73,72.7,3.29,1.26,0.4,7.83
558,Harvey Elliott,Winger,25,Liverpool,2025-2026,0.8,0.27,0.1,0.12,0.5,2.53,80.4,3.9,,0.95,6.01
559,Matheus Cunha,Forward,28,Wolves,2024-2025,1.22,0.54,0.01,0.2,3.22,1.2,77.2,2.92,1.31,1.25,1.43
560,Pape Matar Sarr,Midfielder,22,Tottenham,2021-2022,0.12,0.13,0.3,0.22,,1.91,83.4,,4.2,0.58,6.25
561,Jordan Henderson,Midfielder,38,Liverpool,2025-2026,0.21,0.15,0.24,0.16,0.66,,82.0,2.19,2.2,0.53,10.59
562,Richarlison,Winger,27,Tottenham,2021-2022,0.16,0.34,0.45,0.01,1.84,2.35,79.1,3.53,0.9,0.63,4.77
563,Milos Kerkez,Defender,23,Bournemouth,2023-2024,0.13,0.08,0.02,0.0,0.52,0.47,78.7,0.2,4.79,5.17,1.83
564,Fabian Schär,Defender,34,Newcastle,2022-2023,0.02,0.03,0.09,0.12,0.0,1.2,88.4,0.6,4.52,2.69,5.77
565,Sadio Mané,Winger,33,Liverpool,2022-2023,0.26,0.22,,0.4,3.35,1.51,86.5,3.27,1.42,0.37,7.15
566,Rodrigo Muniz,Forward,24,Fulham,2024-2025,0.8,0.46,0.15,0.15,3.46,0.37,82.2,2.21,1.01,0.92,3.11
567,Bukayo Saka,Winger,26,Arsenal,2024-2025,0.36,0.47,0.41,0.18,3.79,1.43,81.1,1.62,1.43,1.07,6.21
568,Sergio Agüero,Forward,38,Man City,2024-2025,0.68,0.35,0.0,0.08,3.23,1.42,76.4,2.34,1.06,0.65,4.18
569,Adam Wharton,Midfielder,19,Crystal Palace,2022-2023,0.22,0.15,0.21,0.36,1.98,1.06,83.9,1.57,2.52,1.51,10.88
570,Curtis Jones,Midfielder,24,Liverpool,2022-2023,0.02,0.19,0.28,0.25,1.81,2.54,88.8,1.19,1.54,0.1,7.78
571,Yves Bissouma,Midfielder,30,Tottenham,2023-2024,0.25,,0.16,0.21,0.97,2.33,94.0,0.36,1.84,1.86,8.46
572,Ilkay Gündogan,Midfielder,34,Man City,2021-2022,0.22,0.16,0.07,0.35,2.09,1.96,87.6,1.9,3.01,0.92,6.29
573,Dominic Solanke,Forward,31,Tottenham,2024-2025,0.5,0.46,0.09,0.17,3.06,0.98,75.2,3.06,0.83,0.74,3.54
574,Wesley Fofana,Defender,28,Chelsea,2025-2026,0.13,0.15,0.15,0.11,0.67,0.69,83.4,0.91,4.41,3.64,5.24
575,Justin Kluivert,Midfielder,28,Bournemouth,2024-2025,0.34,0.32,0.18,0.27,,2.66,91.0,1.82,3.07,1.24,9.43
576,Son Heung-min,Forward,34,Tottenham,2024-2025,0.66,0.57,0.3,0.14,2.67,1.94,71.5,1.56,1.23,1.0,3.6
577,Conor Gallagher,Midfielder,25,Chelsea,2021-2022,0.11,0.15,0.42,0.19,,1.99,81.9,1.21,1.82,1.22,6.11
578,Victor Lindelöf,Defender,30,Man United,2021-2022,0.02,0.0,0.13,0.11,0.52,0.72,86.6,0.05,3.67,5.45,2.74
579,Allan Saint-Maximin,Winger,30,Newcastle,2024-2025,0.64,0.55,0.27,0.18,2.21,1.96,87.4,4.59,1.29,0.36,2.58
580,Thomas Partey,Midfielder,35,Arsenal,2025-2026,0.29,0.34,0.3,0.22,0.97,2.71,82.2,2.63,3.3,1.21,8.29
581,Aaron Wan-Bissaka,Defender,30,West Ham,2024-2025,0.12,0.14,0.16,0.13,0.25,0.32,85.9,0.62,5.11,4.8,6.42
582,Micky van de Ven,Defender,24,Tottenham,2023-2024,0.11,0.08,0.05,0.02,0.28,0.65,96.0,0.78,2.35,3.77,3.55
583,Craig Dawson,Defender,36,Wolves,2023-2024,,0.11,0.04,0.08,0.1,0.54,87.5,0.28,4.14,6.72,2.16
584,Vitaliy Mykolenko,Defender,28,Everton,2023-2024,0.11,0.05,0.14,0.0,0.48,1.0,92.6,0.58,5.4,4.07,2.5
585,Reiss Nelson,Winger,26,Arsenal,2022-2023,0.32,0.47,0.17,0.34,2.83,1.39,81.2,3.24,0.91,0.39,6.89
586,Marc Cucurella,Defender,25,Chelsea,2021-2022,0.08,0.04,0.14,0.13,1.38,0.9,85.6,0.67,3.85,4.91,4.09
587,Diego Costa,Forward,38,Wolves,2025-2026,0.7,0.09,0.0,0.12,2.54,2.02,83.3,1.85,0.34,0.68,4.38
588,Andy Robertson,Defender,31,Liverpool,2021-2022,0.06,0.02,0.0,0.0,0.12,0.79,86.5,0.05,5.1,3.92,4.71
589,Alex Scott,Midfielder,25,Bournemouth,2025-2026,0.33,0.25,0.37,0.18,1.95,2.48,87.4,1.83,3.18,1.83,6.88
590,Yankuba Minteh,Winger,21,Brighton,2022-2023,0.6,0.36,0.29,0.24,2.17,2.28,75.1,1.7,1.4,0.57,6.21
591,Diogo Jota,Winger,29,Liverpool,2022-2023,0.44,0.35,0.13,0.32,1.98,1.03,86.8,3.21,1.91,0.38,5.22
592,Ollie Watkins,Forward,30,Aston Villa,2022-2023,0.96,0.59,0.34,0.2,2.59,0.98,82.3,1.69,1.21,0.56,4.96
593,Christian Pulisic,Winger,27,Chelsea,2023-2024,0.37,0.53,0.27,0.11,2.41,2.02,80.3,2.62,1.37,0.27,7.03
594,Harvey Barnes,Winger,25,Newcastle,2021-2022,0.56,0.31,0.27,0.21,2.68,1.98,85.0,3.3,1.28,0.49,4.91
595,Ethan Ampadu,Midfielder,25,Leeds United,2022-2023,0.15,0.19,0.4,0.29,0.66,2.93,82.9,1.77,2.15,1.3,10.7
596,Kaoru Mitoma,Winger,27,Brighton,2022-2023,0.24,0.2,0.16,0.39,3.29,1.81,81.5,1.73,1.44,0.87,6.6
597,Jørgen Strand Larsen,Forward,26,Wolves,2023-2024,0.49,0.58,0.31,0.28,3.61,2.01,84.9,2.39,0.79,0.41,3.51
598,Kai Havertz,Forward,27,Chelsea,2022-2023,0.82,0.61,0.16,0.2,4.37,1.85,70.0,0.9,1.9,0.37,2.23
599,Jacob Murphy,Winger,32,Newcastle,2023-2024,0.32,0.3,0.28,0.17,2.31,1.54,82.9,1.74,1.53,0.34,7.62
600,Morgan Gibbs-White,Midfielder,26,Nottingham Forest,2025-2026,0.39,0.21,0.02,0.18,1.31,2.07,89.2,1.45,2.62,2.36,7.48
601,Kieran Tierney,Defender,27,Arsenal,2021-2022,0.16,0.05,0.04,0.06,1.01,0.47,80.0,0.43,3.25,4.65,6.77
602,Idrissa Gueye,Midfielder,35,Everton,2023-2024,0.18,0.26,0.2,0.48,1.19,2.74,95.7,0.35,4.38,0.11,5.89
603,Manuel Akanji,Defender,32,Man City,2024-2025,0.18,0.03,0.25,0.08,0.89,0.74,,0.54,3.28,4.77,8.04
604,Thomas Partey,Midfielder,34,Arsenal,2024-2025,0.3,0.23,0.18,0.18,,2.27,78.5,1.47,1.84,1.28,9.94
605,Jørgen Strand Larsen,Forward,28,Wolves,2025-2026,0.85,0.29,0.38,0.24,2.79,0.86,76.0,1.27,0.62,0.75,1.22
606,Yves Bissouma,Midfielder,29,Tottenham,2022-2023,0.16,0.15,0.31,0.35,1.77,2.24,90.0,1.49,2.51,0.91,5.45
607,Evan Ferguson,Forward,24,Brighton,2025-2026,0.66,0.54,0.1,0.12,3.14,1.0,76.8,2.01,1.03,0.98,5.22
608,Fabian Schär,Defender,36,Newcastle,2024-2025,0.16,0.11,0.1,0.02,0.21,1.07,76.9,0.94,3.44,6.26,6.59
609,Crysencio Summerville,Winger,27,West Ham,2025-2026,0.5,0.6,0.31,0.24,2.5,2.58,83.2,4.11,,0.51,8.13
610,Enzo Fernández,Midfielder,26,Chelsea,2024-2025,0.26,0.31,0.34,0.3,1.13,4.13,96.0,2.01,2.09,1.75,10.5
611,Lucas Moura,Winger,34,Tottenham,2023-2024,0.48,0.32,0.13,0.42,3.25,2.16,86.2,3.81,1.18,,5.22
612,Mohamed Salah,Forward,36,Liverpool,2025-2026,0.62,,0.15,0.24,3.48,0.89,81.8,1.59,1.1,0.8,4.29
613,Wilfried Zaha,Winger,35,Crystal Palace,2024-2025,0.12,0.38,0.28,0.27,3.28,1.85,81.1,2.95,1.2,0.75,3.98
614,Eric Dier,Defender,30,Tottenham,2022-2023,0.1,0.03,0.08,0.09,0.61,0.13,82.4,0.74,4.8,4.0,6.69
615,Alexander Isak,Forward,29,Newcastle,2025-2026,0.31,0.67,0.38,0.1,3.36,0.94,74.5,1.62,1.58,0.31,4.41
616,Rodrigo Bentancur,Midfielder,30,Tottenham,2023-2024,0.2,0.2,0.18,0.31,1.04,2.26,83.9,0.77,3.6,2.13,
617,James Ward-Prowse,Midfielder,33,West Ham,2024-2025,0.24,0.17,0.15,0.11,1.41,0.88,88.0,1.39,1.81,0.1,6.63
618,Tomáš Souček,Midfielder,29,West Ham,2021-2022,0.2,0.22,0.28,0.11,1.62,3.24,83.6,1.52,2.81,0.81,8.67
619,Noni Madueke,Winger,23,Chelsea,2022-2023,0.38,0.43,0.18,0.25,2.39,2.04,81.1,3.08,1.08,0.32,
620,Timo Werner,Winger,33,Tottenham,2025-2026,0.36,0.53,,0.45,1.24,1.56,83.4,4.0,1.44,0.42,2.72
621,Aleksandar Mitrović,Forward,33,Fulham,2024-2025,0.36,0.41,0.31,0.14,2.27,0.81,68.5,2.24,0.1,0.08,3.1
622,Maxime Estève,Defender,24,Burnley,2023-2024,0.14,0.1,0.04,0.0,0.54,1.16,72.1,0.0,4.94,5.49,7.8
623,Mason Mount,Midfielder,27,Chelsea,2022-2023,0.34,0.14,0.35,0.28,1.32,3.88,86.8,2.16,2.97,1.82,8.22
624,Jordan Henderson,Midfielder,37,Liverpool,2024-2025,0.18,0.24,0.32,0.22,1.66,2.5,94.6,1.23,2.28,1.57,7.95
625,Sergio Agüero,Forward,37,Man City,2022-2023,0.64,0.36,0.35,0.16,4.43,1.0,83.8,1.44,0.1,1.03,2.3
626,Dominik Szoboszlai,Midfielder,26,Liverpool,2023-2024,0.28,0.18,0.14,0.16,1.88,1.74,84.7,2.5,4.22,1.58,7.86
627,Kevin De Bruyne,Midfielder,37,Man City,2025-2026,0.25,0.24,0.28,0.21,1.48,1.71,87.1,2.11,3.93,0.71,7.92
628,Elliot Anderson,Midfielder,23,Nottingham Forest,2023-2024,0.39,0.17,0.36,0.36,2.45,3.42,93.5,1.91,1.9,2.1,6.13
629,Douglas Luiz,Midfielder,27,Aston Villa,2022-2023,0.18,0.18,0.37,0.14,1.37,3.8,79.3,1.67,1.61,1.62,6.01
630,Joe Gomez,Defender,30,Liverpool,2024-2025,,0.1,0.04,0.01,0.66,0.9,91.6,0.59,4.19,5.98,6.49
631,Dominik Szoboszlai,Midfielder,25,Liverpool,2022-2023,,0.14,0.17,0.55,1.16,2.99,87.7,1.95,2.97,0.9,8.02
632,Jarrad Branthwaite,Defender,23,Everton,2023-2024,0.1,0.11,0.03,0.08,0.52,0.86,81.8,0.74,3.42,3.34,4.28
633,Josh Cullen,Midfielder,30,Burnley,2023-2024,0.2,0.22,0.21,0.05,1.71,1.07,87.2,2.3,2.91,1.29,4.72
634,Gabriel Martinelli,Forward,23,Arsenal,2022-2023,0.9,0.45,0.0,0.17,3.75,1.49,71.7,4.0,0.97,0.93,4.72
635,Ollie Watkins,Forward,33,Aston Villa,2025-2026,0.83,0.11,0.35,0.25,3.49,2.21,78.7,1.3,1.18,0.13,3.37
636,Lucas Moura,Winger,36,Tottenham,2025-2026,0.24,0.33,0.47,0.34,3.2,1.07,81.6,4.72,0.73,0.6,5.57
637,Joelinton,Midfielder,30,Newcastle,2023-2024,0.3,0.17,0.12,0.31,2.77,2.36,87.1,1.9,2.0,1.23,8.56
638,Sven Botman,Defender,26,Newcastle,2023-2024,0.18,0.03,0.04,0.16,0.08,0.96,83.9,0.26,3.74,5.08,7.27
639,Nathan Aké,Defender,31,Man City,2024-2025,0.24,0.14,0.17,0.0,0.24,0.53,75.2,1.0,3.13,4.08,5.32
640,Danny Welbeck,Forward,37,Brighton,2024-2025,0.88,0.6,0.1,0.09,2.34,1.2,80.9,1.49,0.67,0.97,3.76
641,Bruno Guimarães,Midfielder,31,Newcastle,2025-2026,0.36,0.21,0.22,0.26,1.87,3.27,86.5,1.89,2.32,1.85,11.77
642,Michael Olise,Winger,27,Crystal Palace,2025-2026,0.55,0.46,0.35,0.28,3.63,3.54,89.5,3.74,1.54,1.52,4.81
643,Takumi Minamino,Winger,33,Liverpool,2025-2026,0.51,0.25,0.06,0.29,1.98,1.93,82.1,3.2,0.66,0.95,4.8
644,Sean Longstaff,Midfielder,30,Newcastle,2024-2025,0.26,0.13,0.29,0.15,0.68,1.89,85.4,2.5,3.09,1.03,6.49
645,Boubacar Kamara,Midfielder,29,Aston Villa,2025-2026,0.16,0.18,0.15,0.29,1.03,3.5,82.5,2.05,0.8,0.1,8.62
646,Ryan Christie,Midfielder,33,Bournemouth,2025-2026,0.21,0.23,0.21,0.21,1.33,2.25,93.2,1.24,2.85,1.54,6.89
647,Wilson Odobert,Winger,24,Tottenham,2025-2026,0.42,0.3,0.21,0.25,0.59,1.89,83.6,4.46,0.2,0.69,5.79
648,Oleksandr Zinchenko,Defender,31,Arsenal,2024-2025,0.16,0.08,0.16,0.08,0.76,0.7,84.0,0.89,5.4,5.57,7.68
649,Pape Matar Sarr,Midfielder,23,Tottenham,2024-2025,0.34,0.24,0.16,0.23,1.71,3.04,85.2,2.27,2.95,1.26,9.62
650,Kyle Walker,Defender,34,Man City,2021-2022,0.1,0.08,0.0,0.14,0.1,1.06,89.6,0.22,3.79,3.17,4.2
651,William Saliba,Defender,24,Arsenal,2022-2023,0.12,0.1,0.11,0.06,0.87,1.41,83.1,0.66,4.01,3.81,3.87
652,Carlos Baleba,Midfielder,20,Brighton,2021-2022,0.14,0.12,,0.31,2.51,2.01,80.5,1.55,4.86,0.8,10.45
653,Micky van de Ven,Defender,26,Tottenham,2024-2025,0.12,0.14,0.13,0.07,0.8,1.29,80.2,0.16,5.33,4.82,3.97
654,James Maddison,Midfielder,28,Leicester,2021-2022,0.18,0.07,0.19,0.29,1.21,3.61,84.4,1.73,3.55,0.49,4.33
655,Leandro Trossard,Winger,33,Arsenal,2024-2025,0.28,0.28,0.32,0.14,1.93,1.28,85.4,4.1,0.84,0.97,3.94
656,Mohamed Salah,Forward,30,Liverpool,2022-2023,0.64,0.36,0.0,0.05,2.69,1.69,78.8,0.71,1.08,1.23,3.03
657,Savinho,Winger,24,Man City,2025-2026,0.63,0.32,0.56,0.17,1.77,1.1,84.5,3.74,1.63,0.52,
658,Moussa Diaby,Winger,28,Aston Villa,2025-2026,0.73,0.46,0.41,0.3,2.07,1.39,85.1,3.85,1.16,1.11,5.91
659,Emile Smith Rowe,Winger,28,Arsenal,2025-2026,0.35,0.43,0.35,0.26,1.89,1.13,87.4,3.7,1.56,0.49,5.88
660,Steven Bergwijn,Winger,31,Tottenham,2025-2026,0.35,0.4,0.35,0.36,1.83,1.84,85.9,4.6,0.89,0.89,5.27
661,Cody Gakpo,Winger,25,Liverpool,2021-2022,0.22,0.3,0.19,0.2,1.42,1.45,73.9,2.32,1.73,0.32,8.95
662,Tomáš Souček,Midfielder,33,West Ham,2024-2025,0.22,0.19,0.22,0.37,1.95,2.52,85.2,1.15,3.24,1.88,6.61
663,Jamie Vardy,Forward,37,Leicester,2022-2023,0.78,0.69,0.17,0.06,2.35,0.99,83.9,2.94,1.43,0.68,3.36
664,Crysencio Summerville,Winger,26,West Ham,2024-2025,0.4,0.29,0.27,0.27,4.17,2.44,81.9,4.01,1.14,0.31,4.01
665,Jacob Ramsey,Midfielder,25,Aston Villa,2023-2024,0.18,0.12,0.0,0.3,1.7,2.33,95.7,2.33,3.3,0.85,7.71
666,Alex Scott,Midfielder,24,Bournemouth,2024-2025,0.36,0.14,0.4,0.2,1.67,2.99,88.9,1.12,3.63,0.92,6.95
667,Gabriel Martinelli,Forward,27,Arsenal,2025-2026,0.61,0.48,0.24,0.07,3.27,1.39,86.4,2.17,0.81,0.91,3.89
668,Riyad Mahrez,Winger,34,Man City,2022-2023,0.38,0.29,0.28,0.22,2.15,2.54,86.0,2.55,1.05,0.29,5.21
669,Odsonne Édouard,Forward,29,Crystal Palace,2023-2024,0.51,0.96,0.07,0.23,3.71,1.67,85.1,1.88,0.89,0.39,2.92
670,Eric Dier,Defender,32,Tottenham,2023-2024,0.1,0.02,0.13,0.02,0.38,0.39,83.5,0.45,5.51,5.14,5.04
671,Aleksandar Mitrović,Forward,34,Fulham,2025-2026,1.07,0.76,0.1,0.16,3.97,1.01,88.5,1.85,1.0,0.94,6.08
672,Youri Tielemans,Midfielder,27,Leicester,2022-2023,0.16,0.13,0.18,0.25,1.44,0.58,83.2,2.09,2.4,0.51,7.99
673,Oliver Skipp,Midfielder,24,Tottenham,2021-2022,0.18,0.14,0.29,0.37,1.63,2.23,89.9,2.31,1.82,1.5,8.76
674,Lyle Foster,Forward,27,Burnley,2025-2026,0.46,0.55,0.24,0.23,3.32,0.35,80.1,2.02,0.94,1.24,4.67
675,Rodri,Midfielder,32,Man City,2025-2026,0.29,0.19,0.33,0.26,2.2,3.35,93.9,1.21,3.88,1.22,8.99
676,Jacob Ramsey,Midfielder,26,Aston Villa,2024-2025,0.22,0.3,0.37,0.22,2.19,2.45,87.7,2.26,2.03,0.25,4.37
677,Abdoulaye Doucouré,Midfielder,35,Everton,2024-2025,0.3,0.16,0.22,0.24,0.59,3.6,84.3,2.09,,1.62,6.8
678,Joel Matip,Defender,32,Liverpool,2021-2022,0.07,0.05,0.07,0.06,0.04,0.51,84.5,0.66,3.17,6.02,3.29
679,Leon Bailey,Winger,29,Aston Villa,2024-2025,0.62,0.31,0.3,0.25,1.56,2.6,84.1,1.78,0.68,0.82,4.14
680,Matthijs de Ligt,Defender,28,Man United,2023-2024,0.24,0.13,0.1,0.04,1.0,0.06,82.3,1.03,3.58,4.63,4.89
681,N'Golo Kanté,Midfielder,36,Chelsea,2024-2025,0.18,0.25,0.35,0.13,1.39,2.43,87.6,1.57,3.63,1.72,9.85
682,Beto,Forward,27,Everton,2021-2022,0.28,0.77,0.04,0.12,3.32,1.92,70.8,2.61,0.9,0.31,4.05
683,Leon Bailey,Winger,27,Aston Villa,2021-2022,0.08,0.12,0.37,0.28,2.27,2.01,81.6,2.71,0.81,0.66,3.53
684,Kyle Walker,Defender,35,Man City,2022-2023,0.08,0.1,0.12,0.09,0.1,0.51,82.6,0.16,4.69,5.57,3.09
685,Maxime Estève,Defender,22,Burnley,2021-2022,0.07,0.02,0.11,0.05,0.6,0.89,84.0,0.45,4.09,4.39,3.98
686,Jérémy Doku,Winger,22,Man City,2021-2022,0.27,0.11,0.19,0.15,3.63,2.56,85.7,3.85,0.64,0.44,5.73
687,Chris Wood,Forward,37,Nottingham Forest,2025-2026,0.54,0.67,0.05,0.08,3.62,0.73,78.6,2.05,1.41,0.43,3.97
688,Bukayo Saka,Winger,24,Arsenal,2022-2023,0.44,0.18,0.13,0.16,2.15,2.57,82.2,1.82,1.19,0.69,5.03
689,Harvey Elliott,Winger,24,Liverpool,2024-2025,0.34,0.47,0.31,0.17,0.98,2.83,85.1,3.06,1.07,0.78,8.0
690,N'Golo Kanté,Midfielder,35,Chelsea,2023-2024,0.26,0.16,0.23,0.24,2.0,,86.5,0.96,3.82,1.4,7.48
691,Pierre-Emile Højbjerg,Midfielder,30,Tottenham,2022-2023,0.14,0.06,0.05,0.27,0.36,2.81,83.6,1.74,2.7,1.18,7.15
692,Kai Havertz,Forward,27,Arsenal,2023-2024,0.63,0.45,0.07,0.2,3.01,1.02,69.5,2.55,0.83,0.26,2.77
693,Leandro Trossard,Winger,35,Arsenal,2025-2026,0.63,0.41,0.43,0.07,4.26,2.34,85.4,2.42,0.38,0.82,3.72
694,Harvey Elliott,Winger,23,Liverpool,2023-2024,0.5,0.24,0.15,0.24,2.0,0.98,77.1,1.46,1.28,0.58,4.66
695,Brennan Johnson,Winger,27,Tottenham,2024-2025,0.78,0.58,0.14,0.28,1.34,3.49,82.0,3.48,1.32,0.11,5.67
696,Eberechi Eze,Winger,29,Crystal Palace,2024-2025,0.34,0.36,0.34,0.19,2.51,,76.5,3.52,1.41,0.73,7.32
697,Wout Weghorst,Forward,34,Man United,2021-2022,0.78,0.21,0.13,0.26,2.56,1.42,81.9,1.15,0.88,0.0,2.27
698,Matheus Cunha,Forward,25,Wolves,2021-2022,0.58,0.54,0.37,0.24,2.68,0.75,80.5,0.88,1.63,1.17,2.94
699,Phil Foden,Winger,26,Man City,2023-2024,0.18,0.31,0.24,0.29,1.08,1.84,75.9,2.85,1.4,0.6,7.07
700,Anthony Gordon,Winger,26,Newcastle,2025-2026,0.17,0.46,0.41,0.24,2.34,1.56,87.1,2.66,1.45,0.26,5.34
701,Sven Botman,Defender,24,Newcastle,2021-2022,0.06,0.01,0.1,0.01,0.96,0.54,,0.7,3.94,5.2,3.84
702,Dango Ouattara,Winger,26,Bournemouth,2025-2026,0.64,0.48,0.55,0.32,2.45,1.64,82.9,3.14,2.4,0.31,7.2
703,Rúben Dias,Defender,30,Man City,2024-2025,0.16,0.1,0.02,0.05,0.1,0.7,87.4,0.54,5.41,5.47,6.24
704,Marc Guéhi,Defender,24,Crystal Palace,2021-2022,0.09,0.06,0.06,0.03,0.63,0.32,69.4,0.75,5.1,1.66,3.09
705,Divin Mubama,Forward,20,Man City,2021-2022,0.41,0.44,0.13,0.11,3.96,1.38,74.5,2.43,1.02,1.03,4.26
706,Pascal Groß,Midfielder,32,Brighton,2021-2022,0.12,0.19,0.26,0.43,1.6,2.53,84.8,1.68,2.68,1.55,9.22
707,Eddie Nketiah,Forward,25,Arsenal,2021-2022,0.73,0.71,0.18,0.21,2.92,1.36,77.4,1.87,1.14,0.37,6.01
708,Phil Foden,Winger,26,Man City,2024-2025,0.58,0.48,0.21,0.36,3.25,2.26,78.5,3.84,1.87,0.16,10.19
709,Curtis Jones,Midfielder,25,Liverpool,2023-2024,,0.1,0.16,0.28,1.28,2.21,89.7,,3.53,0.25,7.49
710,Dejan Kulusevski,Winger,25,Tottenham,2022-2023,0.22,0.34,0.36,0.22,2.69,1.96,78.4,3.71,1.31,1.1,4.14
711,Lewis Dunk,Defender,33,Brighton,2022-2023,0.1,0.06,0.04,0.04,0.19,0.25,82.8,0.39,3.5,2.5,5.96
712,Hélder Costa,Winger,31,Leeds United,2021-2022,0.13,0.33,0.35,0.32,3.16,2.5,82.1,3.14,0.37,0.73,5.31
713,Thiago Alcântara,Midfielder,33,Liverpool,2023-2024,0.45,0.28,0.32,0.25,1.85,3.11,91.2,1.29,3.44,1.59,7.18
714,James Maddison,Midfielder,30,Leicester,2022-2023,0.28,0.14,0.11,0.27,1.21,2.28,83.8,1.63,3.84,1.33,6.69
715,Eberechi Eze,Midfielder,30,Crystal Palace,2025-2026,0.38,0.25,0.2,0.19,0.61,2.76,93.8,2.38,2.11,1.13,11.0
716,Ivan Toney,Forward,30,Brentford,2022-2023,0.84,,0.35,0.13,4.61,1.79,,2.29,0.88,0.7,5.61
717,Jean-Philippe Mateta,Forward,29,Crystal Palace,2023-2024,0.47,0.65,0.18,0.22,3.73,1.46,84.0,1.94,0.47,0.74,4.86
718,Joško Gvardiol,Defender,24,Man City,2023-2024,0.16,0.06,0.03,0.1,0.83,0.05,81.4,0.33,2.83,4.15,5.1
719,Mario Lemina,Midfielder,35,Wolves,2025-2026,0.25,0.22,0.4,0.3,1.56,1.67,85.4,3.08,3.12,0.82,8.8
720,Daniel James,Winger,28,Leeds United,2022-2023,0.14,0.24,0.4,0.39,0.9,2.35,88.2,2.5,1.24,0.0,4.2
721,Harvey Elliott,Winger,22,Liverpool,2022-2023,0.42,0.38,0.17,0.33,1.62,1.87,90.3,1.94,1.86,0.59,2.9
722,Boubacar Kamara,Midfielder,26,Aston Villa,2022-2023,0.15,0.08,0.22,0.26,1.4,2.72,87.5,1.45,3.05,0.7,3.87
723,Carlos Baleba,Midfielder,23,Brighton,2024-2025,0.14,0.15,0.37,0.27,1.22,2.14,83.2,1.78,2.36,0.43,6.32
724,Rodri,Midfielder,30,Man City,2023-2024,0.15,0.13,0.23,0.27,1.95,2.49,88.4,2.18,3.61,0.64,7.09
725,João Gomes,Midfielder,28,Wolves,2025-2026,0.33,0.21,0.4,0.21,1.74,2.32,87.5,1.47,2.51,0.72,8.98
726,Ben White,Defender,31,Arsenal,2023-2024,0.11,0.09,0.05,0.1,0.39,0.48,70.7,0.78,3.6,7.94,7.67
727,James Milner,Midfielder,38,Brighton,2021-2022,0.26,0.13,0.32,0.21,2.12,1.93,93.2,1.58,1.66,1.26,6.27
728,Simon Adingra,Winger,24,Brighton,2024-2025,0.32,0.39,0.4,0.22,1.84,1.87,78.3,3.92,2.17,0.19,5.13
729,Sadio Mané,Winger,35,Liverpool,2023-2024,0.42,0.21,0.41,0.23,2.85,2.79,82.5,1.72,0.95,0.42,6.61
730,Casemiro,Midfielder,32,Man United,2021-2022,0.13,0.14,0.28,0.16,1.9,2.28,83.0,1.92,2.08,1.21,7.48
731,James Maddison,Midfielder,32,Tottenham,2025-2026,0.22,0.16,0.16,0.15,1.18,2.46,90.0,2.46,3.92,1.38,8.97
732,Ben White,Defender,29,Arsenal,2024-2025,0.16,0.13,0.03,0.08,0.39,0.56,85.2,0.42,5.93,4.78,2.73
733,Enzo Fernández,Midfielder,23,Chelsea,2021-2022,0.09,0.03,0.41,0.19,1.27,3.33,88.2,1.87,4.53,0.88,9.17
734,Kalidou Koulibaly,Defender,35,Chelsea,2022-2023,0.1,0.09,0.05,0.09,0.08,0.58,80.6,0.86,3.14,5.48,2.43
735,Ollie Watkins,Forward,29,Aston Villa,2021-2022,0.57,0.27,0.22,0.11,2.94,0.9,87.3,1.79,0.48,1.03,2.03
736,Harry Kane,Forward,34,Tottenham,2024-2025,0.78,0.31,0.43,0.24,4.3,1.54,81.3,1.33,1.1,1.1,2.65
737,Marcus Rashford,Forward,30,Man United,2023-2024,0.4,0.25,0.14,0.17,1.98,1.8,72.4,1.59,0.68,0.0,3.53
738,Allan Saint-Maximin,Winger,29,Newcastle,2023-2024,0.51,0.33,0.1,0.12,1.66,1.29,81.2,2.97,1.9,0.44,4.32
739,Lewis Hall,Defender,22,Newcastle,2023-2024,0.05,0.06,0.19,0.05,0.93,0.95,90.6,1.23,6.23,4.88,4.07
740,Son Heung-min,Forward,31,Tottenham,2021-2022,0.85,0.46,0.3,0.03,2.66,1.2,78.2,1.48,,0.27,3.33
741,Ryan Christie,Midfielder,32,Bournemouth,2023-2024,0.19,0.22,0.15,0.27,1.45,1.96,86.9,1.61,1.93,0.95,8.57
742,Kieran Trippier,Defender,38,Newcastle,2024-2025,0.26,0.14,0.07,0.0,0.48,0.14,86.2,0.67,3.07,5.5,6.35
743,Gabriel Magalhães,Defender,28,Arsenal,2023-2024,0.08,0.07,0.06,0.04,1.11,1.02,76.6,1.0,5.28,4.53,5.42
744,Rúben Dias,Defender,27,Man City,2022-2023,0.06,0.08,0.09,0.06,0.63,0.19,92.1,0.72,4.69,5.1,3.81
745,Leandro Trossard,Winger,30,Arsenal,2021-2022,0.14,0.15,0.41,0.26,2.88,2.02,80.1,4.04,0.94,0.63,4.31
746,Kevin De Bruyne,Midfielder,34,Man City,2022-2023,0.12,0.22,0.15,0.14,0.31,1.13,91.6,1.42,2.63,1.58,12.79
747,Bruno Fernandes,Midfielder,33,Man United,2024-2025,0.18,0.17,0.28,0.2,0.79,1.9,84.9,1.91,2.59,0.9,7.21
748,Ollie Watkins,Forward,31,Aston Villa,2023-2024,0.71,0.28,0.15,0.15,3.01,1.51,82.9,1.37,0.58,0.7,3.58
749,Rodrigo Bentancur,Midfielder,28,Tottenham,2022-2023,0.06,0.15,0.35,0.25,1.08,2.74,87.1,0.89,4.49,0.62,11.18
750,Joelinton,Midfielder,29,Newcastle,2022-2023,0.22,0.07,0.11,0.13,1.33,1.43,84.8,1.57,2.73,0.49,4.13
751,Odsonne Édouard,Forward,31,Crystal Palace,2025-2026,0.46,0.54,0.03,0.24,3.75,1.05,79.7,3.31,0.81,0.31,3.57
752,Diogo Dalot,Defender,30,Man United,2025-2026,0.18,0.2,0.16,0.04,0.71,0.37,83.3,1.25,4.13,3.68,3.72
753,Reiss Nelson,Winger,28,Arsenal,2024-2025,0.5,0.46,0.31,0.17,2.2,2.22,83.7,3.77,1.14,0.96,8.39
754,Haji Wright,Forward,31,Leeds United,2025-2026,0.55,0.49,0.25,0.13,4.0,1.53,78.0,2.68,0.86,0.89,4.45
755,Bernardo Silva,Winger,33,Man City,2024-2025,0.52,0.47,0.45,0.34,2.15,3.03,77.8,3.14,1.25,0.49,6.57
756,Joel Piroe,Forward,26,Leeds United,2022-2023,0.62,0.72,0.13,0.27,1.25,2.03,76.6,2.45,0.4,0.95,5.03
757,Dejan Kulusevski,Winger,27,Tottenham,2024-2025,0.3,0.23,0.3,0.26,2.65,1.84,74.8,3.65,0.4,0.0,5.72
758,Anthony Gordon,Winger,27,Newcastle,2024-2025,0.5,0.43,0.43,0.16,2.7,1.28,73.9,3.2,0.9,0.71,5.6
759,Matthijs de Ligt,Defender,29,Man United,2025-2026,0.22,0.25,0.06,0.07,0.1,0.61,84.5,0.52,4.15,4.33,3.29
760,Manuel Akanji,Defender,30,Man City,2022-2023,0.08,0.1,0.0,0.13,0.64,0.6,87.2,0.77,2.64,,4.67
761,Jack Grealish,Winger,33,Man City,2025-2026,0.35,0.33,0.27,0.26,1.78,2.03,89.1,2.57,1.24,0.95,6.61
762,Riyad Mahrez,Winger,34,Man City,2023-2024,0.4,0.57,0.41,0.2,2.5,2.37,83.4,3.35,2.07,0.46,6.7
763,Hakim Ziyech,Winger,35,Chelsea,2025-2026,0.42,0.42,0.26,0.18,2.31,1.52,81.9,3.71,1.1,0.85,5.97
764,Diego Costa,Forward,38,Wolves,2024-2025,0.73,0.73,0.14,0.16,1.21,1.41,72.0,1.1,0.15,0.36,5.57
765,William Saliba,Defender,23,Arsenal,2021-2022,0.0,0.05,0.07,0.15,0.79,0.34,93.3,1.03,4.78,4.23,3.16
766,Ferran Torres,Winger,26,Man City,2023-2024,0.32,0.36,0.34,0.21,2.6,1.54,77.2,3.05,1.7,1.33,8.99
767,Christian Pulisic,Winger,29,Chelsea,2024-2025,0.36,0.47,0.18,0.3,2.06,2.1,74.2,4.81,1.41,0.4,5.81
768,Douglas Luiz,Midfielder,30,Aston Villa,2025-2026,0.38,0.25,0.15,0.17,1.59,1.88,84.2,2.51,4.03,1.08,9.33
769,João Gomes,Midfielder,24,Wolves,2022-2023,0.08,0.16,0.47,0.13,1.38,2.39,83.0,2.3,2.07,2.29,9.06
770,Pierre-Emerick Aubameyang,Forward,35,Arsenal,2021-2022,0.5,0.39,0.19,0.35,1.52,1.54,69.9,1.47,1.34,0.73,2.21
771,Joe Rodon,Defender,28,Leeds United,2022-2023,0.16,0.04,0.2,0.15,0.58,0.41,84.3,0.4,4.57,4.28,5.43
772,Mason Mount,Midfielder,27,Man United,2023-2024,0.06,0.25,0.21,0.34,2.02,2.35,86.7,1.24,2.95,0.54,6.68
773,Ibrahima Konaté,Defender,25,Liverpool,2022-2023,0.16,0.02,0.11,0.09,0.8,0.95,81.5,0.84,4.04,3.7,3.76
774,Cole Palmer,Midfielder,23,Man City,2022-2023,0.32,0.01,0.28,0.13,1.44,2.87,81.3,1.59,2.96,1.37,7.03
775,Raheem Sterling,Winger,31,Chelsea,2022-2023,0.24,0.12,0.45,0.31,2.71,0.6,84.1,1.78,0.51,0.75,7.57
776,Pierre-Emile Højbjerg,Midfielder,31,Tottenham,2023-2024,0.29,0.06,0.36,0.19,1.0,2.11,87.6,2.02,1.56,1.61,8.43
777,Manuel Benson,Winger,29,Burnley,2023-2024,0.42,0.34,0.34,0.31,2.81,2.97,72.5,4.59,1.68,0.62,5.89
778,Oliver Skipp,Midfielder,27,Tottenham,2024-2025,0.26,0.22,0.29,0.32,2.64,3.04,87.4,2.54,3.06,1.55,6.47
779,Manuel Akanji,Defender,31,Man City,2023-2024,0.1,0.09,0.12,0.01,0.87,0.64,87.5,0.22,3.72,2.86,4.32
780,Jarrod Bowen,Winger,32,West Ham,2025-2026,0.5,0.22,0.3,0.38,1.61,0.57,73.4,2.33,1.28,0.78,8.85
781,Carlos Baleba,Midfielder,21,Brighton,2022-2023,0.26,0.21,0.31,0.16,1.65,2.01,86.8,0.86,2.14,1.04,9.42
782,James Milner,Midfielder,38,Brighton,2025-2026,0.32,0.2,0.29,0.26,0.46,2.76,92.9,1.2,2.71,0.68,7.75
783,Hakim Ziyech,Winger,31,Chelsea,2021-2022,0.35,0.18,0.36,0.2,2.49,3.54,79.6,4.23,0.85,0.59,7.66
784,Lisandro Martínez,Defender,30,Man United,2025-2026,0.27,0.21,0.06,0.13,0.58,0.8,86.6,0.03,4.31,4.83,7.42
785,Sadio Mané,Winger,32,Liverpool,2021-2022,0.33,0.13,0.12,0.23,3.57,1.84,73.2,2.98,1.06,0.0,4.92
786,Lisandro Martínez,Defender,28,Man United,2023-2024,0.16,0.05,0.09,0.09,0.24,0.73,72.4,0.53,4.2,1.0,3.86
787,Nicolas Pépé,Winger,30,Arsenal,2021-2022,0.26,0.04,0.16,0.07,2.15,2.01,87.5,3.49,1.09,0.85,1.68
788,Kobbie Mainoo,Midfielder,21,Man United,2023-2024,0.24,0.19,0.44,0.14,1.29,1.58,80.2,2.16,3.32,1.15,6.64
789,Yoane Wissa,Forward,29,Brentford,2023-2024,0.5,0.45,0.26,0.16,4.47,1.53,76.2,2.13,0.69,0.99,4.77
790,Divin Mubama,Forward,21,Man City,2022-2023,0.48,0.56,0.0,0.08,4.35,0.88,80.0,0.42,1.2,,3.76
791,Son Heung-min,Forward,34,Tottenham,2023-2024,0.47,0.14,0.26,0.19,3.26,1.44,81.9,0.63,1.15,0.87,
792,Kai Havertz,Forward,26,Chelsea,2021-2022,0.65,0.27,0.25,0.08,3.91,1.78,73.9,2.47,1.07,1.03,5.78
793,Vitaliy Mykolenko,Defender,27,Everton,2024-2025,0.28,0.11,0.07,0.04,0.8,0.54,87.4,0.88,5.29,5.23,6.35
794,Rodri,Midfielder,28,Man City,2021-2022,0.12,0.12,0.38,0.24,1.42,1.45,89.0,1.99,4.53,1.05,7.89
795,Ryan Gravenberch,Midfielder,25,Liverpool,2025-2026,0.25,0.26,0.35,0.23,1.58,2.69,89.3,1.57,3.4,1.37,7.03
796,Jacob Ramsey,Midfielder,23,Aston Villa,2021-2022,0.27,0.13,0.2,0.16,1.25,2.13,86.7,1.7,2.8,1.42,9.64
797,Martin Ødegaard,Midfielder,27,Arsenal,2021-2022,0.03,0.09,0.28,0.36,1.37,2.01,93.5,0.73,1.04,1.42,6.6
798,Wout Weghorst,Forward,33,Man United,2022-2023,0.16,0.06,0.04,0.2,3.18,1.45,78.9,1.56,0.69,0.2,4.86
799,Morgan Gibbs-White,Midfielder,26,Nottingham Forest,2023-2024,0.19,0.15,0.12,0.31,1.61,0.88,79.8,1.98,2.38,1.1,6.34
800,Youri Tielemans,Midfielder,26,Leicester,2021-2022,0.25,0.09,0.52,0.17,1.49,3.48,94.0,2.84,3.77,1.71,8.57
